"Points:0","Points:1","Points:2"
-2.2597,2.3876,0
-2.2765,2.548,0
-2.3263,2.7013,0
-2.407,2.8409,0
-2.5148,2.9607,0
-2.6453,3.0555,0
-2.7925,3.1211,0
-2.9503,3.1546,0
-3.1115,3.1546,0
-3.2692,3.1211,0
-3.4165,3.0555,0
-3.5469,2.9607,0
-3.6548,2.8409,0
-3.7354,2.7013,0
-3.7852,2.548,0
-3.8021,2.3876,0
-3.7852,2.2273,0
-3.7354,2.074,0
-3.6548,1.9343,0
-3.5469,1.8145,0
-3.4165,1.7197,0
-3.2692,1.6542,0
-3.1115,1.6206,0
-2.9503,1.6206,0
-2.7925,1.6542,0
-2.6453,1.7197,0
-2.5148,1.8145,0
-2.407,1.9343,0
-2.3263,2.0739,0
-2.2765,2.2273,0
-6.9143,1.1904,0
-6.885,1.0221,0
-6.8556,0.85383,0
-6.8262,0.68553,0
-6.7969,0.51722,0
-6.7675,0.34892,0
-6.7381,0.18062,0
-6.7088,0.012312,0
-6.6794,-0.15599,0
-6.65,-0.3243,0
-6.6207,-0.4926,0
-6.5913,-0.6609,0
-6.5619,-0.82921,0
-6.5325,-0.99751,0
-6.5032,-1.1658,0
-6.4738,-1.3341,0
-6.4444,-1.5024,0
-6.4151,-1.6707,0
-6.3857,-1.839,0
-6.3563,-2.0073,0
-6.327,-2.1756,0
-6.2976,-2.3439,0
-6.2682,-2.5122,0
-6.2389,-2.6806,0
-6.2095,-2.8489,0
-6.1801,-3.0172,0
-6.1508,-3.1855,0
-6.1214,-3.3538,0
-6.092,-3.5221,0
-6.0626,-3.6904,0
-6.0333,-3.8587,0
-5.8158,-3.8773,0
-5.5984,-3.896,0
-5.381,-3.9146,0
-5.1635,-3.9332,0
-4.9461,-3.9519,0
-4.7286,-3.9705,0
-4.5112,-3.9891,0
-4.2938,-4.0078,0
-4.0763,-4.0264,0
-3.8589,-4.0451,0
-3.6414,-4.0637,0
-3.424,-4.0823,0
-3.2066,-4.101,0
-2.9891,-4.1196,0
-2.7717,-4.1383,0
-2.5542,-4.1569,0
-2.3368,-4.1755,0
-2.1194,-4.1942,0
-1.9019,-4.2128,0
-1.6845,-4.2314,0
-1.467,-4.2501,0
-1.2496,-4.2687,0
-1.0322,-4.2873,0
-0.81472,-4.306,0
-0.59728,-4.3246,0
-0.37984,-4.3433,0
-0.1624,-4.3619,0
0.055037,-4.3805,0
0.27248,-4.3992,0
0.48992,-4.4178,0
0.70736,-4.4364,0
0.9248,-4.4551,0
1.1422,-4.4737,0
1.3597,-4.4924,0
1.5771,-4.511,0
1.7946,-4.5296,0
2.012,-4.5483,0
2.2294,-4.5669,0
2.4469,-4.5855,0
2.6643,-4.6042,0
2.8818,-4.6228,0
3.0992,-4.6415,0
3.3166,-4.6601,0
3.5341,-4.6787,0
3.7515,-4.6974,0
3.9689,-4.716,0
4.1864,-4.7347,0
4.4038,-4.7533,0
4.6213,-4.7719,0
4.8387,-4.7906,0
5.0561,-4.8092,0
5.2736,-4.8278,0
5.491,-4.8465,0
5.7085,-4.8651,0
5.9259,-4.8838,0
6.1433,-4.9024,0
6.3608,-4.921,0
6.5782,-4.9397,0
6.7957,-4.9583,0
7.0131,-4.9769,0
7.0138,-4.8102,0
7.0145,-4.6435,0
7.0151,-4.4768,0
7.0158,-4.3101,0
7.0165,-4.1433,0
7.0172,-3.9766,0
7.0179,-3.8099,0
7.0185,-3.6432,0
7.0192,-3.4764,0
7.0199,-3.3097,0
7.0206,-3.143,0
7.0212,-2.9763,0
7.0219,-2.8096,0
7.0226,-2.6428,0
7.0233,-2.4761,0
7.024,-2.3094,0
7.0246,-2.1427,0
7.0253,-1.9759,0
7.026,-1.8092,0
7.0267,-1.6425,0
7.0273,-1.4758,0
7.028,-1.309,0
7.0287,-1.1423,0
7.0294,-0.9756,0
7.0301,-0.80887,0
7.0307,-0.64215,0
7.0314,-0.47543,0
7.0321,-0.30871,0
7.0328,-0.14198,0
7.0334,0.024739,0
7.0341,0.19146,0
7.0348,0.35818,0
7.0355,0.52491,0
7.0362,0.69163,0
7.0368,0.85835,0
7.0375,1.0251,0
7.0382,1.1918,0
7.0389,1.3585,0
7.0395,1.5252,0
7.0402,1.692,0
7.0409,1.8587,0
7.0416,2.0254,0
7.0423,2.1921,0
7.0429,2.3589,0
7.0436,2.5256,0
7.0443,2.6923,0
7.045,2.859,0
7.0456,3.0257,0
7.0463,3.1925,0
7.047,3.3592,0
6.8261,3.4717,0
6.6051,3.5842,0
6.3842,3.6967,0
6.1632,3.8092,0
5.9423,3.9217,0
5.7214,4.0342,0
5.5004,4.1467,0
5.2795,4.2592,0
5.0585,4.3717,0
4.8376,4.4842,0
4.6166,4.5967,0
4.3957,4.7092,0
4.1748,4.8217,0
3.9538,4.9342,0
3.7329,5.0468,0
3.5119,5.1593,0
3.291,5.2718,0
3.0701,5.3843,0
2.8491,5.4968,0
2.6282,5.6093,0
2.4072,5.7218,0
2.1863,5.8343,0
1.9653,5.9468,0
1.7444,6.0593,0
1.5235,6.1718,0
1.3008,6.1321,0
1.0781,6.0924,0
0.85541,6.0527,0
0.63273,6.013,0
0.41004,5.9733,0
0.18736,5.9336,0
-0.035327,5.8939,0
-0.25801,5.8542,0
-0.48069,5.8145,0
-0.70338,5.7748,0
-0.92606,5.7351,0
-1.1487,5.6954,0
-1.3714,5.6557,0
-1.5941,5.6161,0
-1.8168,5.5763,0
-2.0395,5.5367,0
-2.2622,5.497,0
-2.4848,5.4573,0
-2.7075,5.4176,0
-2.9302,5.3779,0
-3.1529,5.3382,0
-3.3756,5.2985,0
-3.5983,5.2588,0
-3.821,5.2191,0
-4.0436,5.1794,0
-4.2663,5.1397,0
-4.489,5.1,0
-4.7117,5.0603,0
-4.9344,5.0206,0
-5.1571,4.9809,0
-5.3797,4.9412,0
-5.6024,4.9015,0
-5.8251,4.8618,0
-6.0478,4.8221,0
-6.2705,4.7824,0
-6.3027,4.6028,0
-6.3349,4.4232,0
-6.3671,4.2436,0
-6.3993,4.064,0
-6.4314,3.8844,0
-6.4636,3.7048,0
-6.4958,3.5252,0
-6.528,3.3456,0
-6.5602,3.166,0
-6.5924,2.9864,0
-6.6246,2.8068,0
-6.6568,2.6272,0
-6.689,2.4476,0
-6.7212,2.268,0
-6.7534,2.0884,0
-6.7856,1.9088,0
-6.8178,1.7292,0
-6.8499,1.5496,0
-6.8821,1.37,0
-5.7847,1.1775,0
-6.4578,1.3265,0
-6.6999,1.5276,0
-6.4281,0.66993,0
-6.6078,0.36632,0
-6.6776,1.7545,0
-6.5157,0.20106,0
-6.3576,2.0002,0
-6.258,0.63369,0
-6.4953,-0.17952,0
-4.617,2.3133,0
-6.178,0.55429,0
-6.5357,2.3316,0
-6.4455,-0.55239,0
-5.9755,2.681,0
-6.1918,2.3036,0
-5.0562,1.1501,0
-5.9864,-0.25334,0
-6.3985,2.9625,0
-6.3218,-1.1338,0
-4.5491,-2.7486,0
-4.0011,2.609,0
-5.7216,-1.8211,0
-6.088,-2.3312,0
-6.3003,3.3114,0
-4.6416,4.1813,0
-5.209,4.7419,0
-4.0906,2.1832,0
-4.6259,-3.6217,0
-4.789,-3.8429,0
-4.2498,1.8258,0
-5.8256,3.8688,0
-6.237,4.1221,0
-5.7701,4.5207,0
-3.8298,1.797,0
-6.0649,4.3279,0
-3.837,3.3939,0
-3.8245,1.5016,0
-5.6298,-2.9855,0
-6.11,4.6364,0
-3.4185,3.2398,0
-3.8797,4.6076,0
-5.8201,-2.3959,0
-5.961,-3.2672,0
-6.1318,3.9983,0
-5.082,-3.5396,0
-3.5245,3.679,0
-5.2707,-3.7777,0
-6.2789,3.9746,0
-3.5314,4.5857,0
-5.7447,-3.7222,0
-4.237,2.8628,0
-3.0149,4.4053,0
-5.5717,-3.3672,0
-4.7325,4.8449,0
-2.7351,3.4083,0
-4.3452,-3.4725,0
-1.9928,4.8704,0
-3.3742,-3.7303,0
-2.2426,3.4673,0
-2.0655,-2.2939,0
-4.3569,4.9229,0
-6.0788,-2.6302,0
-1.1081,4.9325,0
-0.3665,3.2598,0
-1.7138,2.7124,0
-1.3141,3.9458,0
-6.0547,-2.8691,0
-4.1885,4.0557,0
-4.2039,-3.8302,0
-3.7116,4.8677,0
-3.8552,-3.8342,0
-3.3511,-3.9436,0
-3.7115,5.1282,0
-4.774,-0.55896,0
-3.3319,-0.40725,0
-4.5549,0.69003,0
-3.2079,-3.8911,0
-3.3044,-1.7763,0
-3.1421,4.7948,0
-3.8688,0.5711,0
-2.3635,-3.6145,0
-3.0235,5.1556,0
-3.5246,-3.9145,0
-2.1052,-3.9786,0
-4.002,-3.8933,0
-3.8619,-3.6785,0
-3.4002,1.2822,0
-3.7097,4.7017,0
-3.8231,5.0204,0
-2.3872,5.2528,0
-3.0671,-3.009,0
-4.4151,-3.665,0
-4.2164,3.9035,0
-2.862,-3.5203,0
-4.0617,4.514,0
-5.8071,-2.6725,0
-2.9028,0.92637,0
-1.9606,-3.4012,0
-1.6646,3.3369,0
-2.6726,3.7053,0
-1.4463,4.6286,0
-1.2197,-3.9431,0
-2.0851,2.5862,0
-1.6013,5.2101,0
-1.1568,3.5568,0
-2.1398,2.2826,0
-1.4746,5.4357,0
-1.9439,3.0087,0
-0.86082,5.4891,0
-2.7328,1.5074,0
-1.7538,-3.2241,0
-4.6018,4.6075,0
-0.54563,-4.0047,0
-1.6617,3.9952,0
-0.0068475,-4.2218,0
-1.8676,-3.8911,0
-2.5171,4.388,0
-1.5276,-3.1041,0
-0.52611,5.5695,0
-4.143,-3.3915,0
-2.646,-3.7581,0
-0.26264,4.9775,0
-1.85,5.2663,0
-1.8942,5.4234,0
0.19987,-3.9964,0
-3.71,-3.9198,0
-0.29426,5.5483,0
-4.3992,-3.858,0
0.2001,-4.1972,0
-2.9488,3.6048,0
0.25967,5.6089,0
-2.2591,2.9226,0
-0.82599,-0.95645,0
-4.3307,4.2641,0
-1.685,1.0604,0
-5.7383,-3.2197,0
-5.3887,-3.3756,0
0.97841,-4.3123,0
-3.2996,4.2034,0
-2.8661,4.9991,0
-0.74081,-2.7723,0
-4.3132,2.5559,0
-4.1204,3.4039,0
0.67372,-3.2935,0
-5.949,-3.45,0
1.7009,-4.0935,0
-3.8456,4.3987,0
-3.3933,5.1105,0
1.0711,5.887,0
2.4177,-4.3796,0
1.7453,5.8178,0
-1.9435,1.9893,0
-3.627,4.0504,0
-2.8891,3.4499,0
1.5492,4.9169,0
-4.7569,-3.3169,0
4.4302,-0.35724,0
-5.0838,-3.738,0
2.2507,5.3529,0
2.702,5.3562,0
-5.9865,4.0029,0
3.6389,-3.1704,0
3.1223,5.1899,0
-5.9074,-3.1231,0
3.0256,-4.1147,0
-5.8858,-2.2134,0
-5.3191,-2.7163,0
6.1796,-0.61008,0
-4.1753,5.0042,0
3.061,5.0245,0
2.3033,-4.2078,0
-2.8513,3.2851,0
3.762,4.9135,0
3.6089,-4.2643,0
4.3035,2.9968,0
-5.9701,4.4613,0
3.8342,-4.577,0
5.9292,-0.0096907,0
-5.5824,-2.3188,0
3.9868,-4.502,0
-5.0469,-0.068214,0
4.0615,4.3229,0
-3.5267,1.4758,0
3.6844,-4.018,0
-4.7195,3.2984,0
4.2433,4.5195,0
4.6344,4.3657,0
4.3867,-4.5141,0
3.9149,-3.8906,0
5.7924,1.5125,0
-5.9253,4.2689,0
5.8426,-2.7057,0
-5.9068,4.671,0
6.6207,1.6522,0
-6.2021,4.29,0
5.3427,-4.1502,0
-5.6289,4.3472,0
5.045,3.7706,0
-5.9994,3.2666,0
5.5803,-4.6259,0
-6.3102,3.6682,0
6.9278,1.9078,0
-4.3533,2.1209,0
6.5835,-3.045,0
-3.8699,2.0691,0
5.4359,4.0464,0
-4.7722,-3.6959,0
-5.0992,-3.2311,0
6.8582,2.0402,0
6.9134,1.5275,0
-3.945,2.2394,0
6.3961,1.6809,0
-4.8324,4.6131,0
0.99898,0.62061,0
-4.9832,4.7931,0
5.739,3.828,0
-3.9004,3.148,0
4.4524,4.4839,0
6.6197,2.7211,0
-6.3921,3.5052,0
6.8878,1.3199,0
-6.179,-2.0904,0
6.2568,1.9841,0
-5.972,-2.7192,0
6.5696,1.0089,0
-6.1508,-1.4249,0
5.6816,3.2316,0
-4.9298,-1.8139,0
6.8912,0.74459,0
-4.1518,2.4682,0
5.7682,-4.5116,0
-3.5736,3.1214,0
5.8568,3.6486,0
6.5266,3.2768,0
-6.2581,-0.647,0
2.029,-3.5025,0
-6.3402,-1.6659,0
6.9286,2.8632,0
-6.1107,3.0242,0
6.676,-0.048116,0
6.886,3.1552,0
-5.7204,0.088382,0
6.9306,-0.11027,0
-6.054,-1.6156,0
-5.9343,0.63286,0
-3.6387,1.701,0
6.7407,3.3056,0
-6.3701,2.2149,0
6.738,-0.81663,0
-6.2058,2.6944,0
-4.5896,2.689,0
6.9072,-1.0455,0
-6.3341,2.5668,0
6.9287,-1.1777,0
6.522,-3.8525,0
-6.0562,1.939,0
6.3494,-1.6561,0
6.8395,-1.7332,0
-6.4689,-0.37917,0
-3.8603,2.6309,0
5.5888,-1.6303,0
-3.8825,2.5186,0
6.8335,-4.0373,0
6.8715,-2.0402,0
-6.1617,1.1001,0
6.9086,-2.6871,0
-6.5684,0.019434,0
4.5921,-4.1509,0
-6.5523,2.1381,0
6.6141,-4.4171,0
6.8495,-3.1206,0
6.8257,-3.4782,0
-6.5723,1.9043,0
6.313,-3.2341,0
6.6681,-4.744,0
-6.3305,0.79847,0
6.1572,-4.6254,0
6.7515,-4.5445,0
6.85,-4.2882,0
-6.73,1.2912,0
6.883,-4.4218,0
-6.6409,0.92586,0
-3.979,1.8788,0
-6.7309,1.1144,0
-1.7005,5.4195,0
-1.7897,5.0969,0
-6.4799,0.81456,0
-6.5754,0.70584,0
-0.6104,5.3381,0
-0.13407,5.6672,0
-2.4569,-4.0163,0
-6.6875,0.55778,0
-2.8002,-3.7887,0
-6.5329,1.6661,0
-6.5001,1.483,0
-4.5276,-3.1326,0
-3.74,-3.2861,0
-0.88775,4.6918,0
-6.1846,1.4135,0
-6.4153,0.3768,0
-0.10957,-4.1348,0
-2.3154,4.8669,0
-2.3039,4.0848,0
-5.2706,1.7421,0
-6.515,0.53453,0
-1.966,-4.0205,0
-2.133,-3.6213,0
-6.2907,0.10048,0
0.39935,-4.2538,0
-5.7616,2.1542,0
-1.6811,4.5231,0
-1.4416,4.2075,0
-6.3559,2.4053,0
-1.0459,-3.7215,0
-6.3159,-0.27385,0
-4.5139,4.7915,0
-6.5413,2.7007,0
-6.2126,2.1267,0
-6.0107,0.029066,0
-0.92074,-4.0797,0
-1.5755,-3.6575,0
-6.3493,-0.82586,0
-2.6613,0.59308,0
-6.4454,3.1457,0
-6.3201,-1.3913,0
-6.0585,-2.2284,0
-1.932,3.3036,0
-1.734,3.0502,0
-5.7835,-1.0777,0
-3.9045,2.753,0
-6.2392,-1.9322,0
-2.0181,2.3189,0
-2.4306,1.1781,0
-1.4675,3.6168,0
-5.0173,2.5319,0
-0.96152,3.5823,0
-1.6385,4.9612,0
-5.7026,4.7167,0
-4.7217,1.9388,0
-1.9595,2.7092,0
-6.1405,3.6019,0
-1.292,-3.7455,0
-4.6874,1.1996,0
-0.68495,-4.2424,0
-5.0689,4.3664,0
-5.5332,4.7583,0
-2.1637,4.5329,0
-3.9012,1.6773,0
-1.4024,5.0496,0
-2.9882,3.956,0
-2.0808,3.7978,0
-2.3714,3.1381,0
-1.5918,3.6546,0
-2.0128,-3.8403,0
-3.6593,1.5549,0
-2.1854,-2.959,0
-2.0739,-1.2238,0
-4.9036,-3.7658,0
-2.8591,1.3987,0
-5.649,-2.759,0
-3.6963,1.0991,0
-5.8403,-2.8631,0
-6.1643,4.4577,0
-4.3116,4.6463,0
-4.0538,4.7247,0
-2.963,-3.9278,0
-3.7576,3.2132,0
-3.6719,3.4258,0
-6.1334,-2.4588,0
-5.9237,-3.668,0
-3.1417,-3.368,0
-5.7097,-3.3996,0
-4.7832,4.0101,0
-3.1566,3.3634,0
-4.6085,-3.8095,0
-5.2727,-3.5892,0
-3.1313,-3.7603,0
-3.8101,-2.6443,0
-3.002,3.3169,0
-2.7875,5.195,0
-5.4365,-3.7264,0
-2.7177,3.2696,0
-3.234,1.5189,0
-3.3401,0.27773,0
-4.1893,-3.6066,0
-3.3484,-3.465,0
-2.4611,3.2421,0
-2.1097,2.7429,0
-2.4638,-3.8199,0
-3.0609,1.4875,0
-4.0245,4.9284,0
-5.9888,-2.3581,0
-3.6717,-3.7304,0
-0.74788,5.6078,0
-2.1643,-3.8392,0
-0.52194,4.3087,0
-4.264,1.0393,0
-3.3274,1.1908,0
-4.0712,3.7886,0
-3.3526,4.5359,0
-3.2327,5.1799,0
-2.5744,-1.7624,0
-3.5446,4.7995,0
-3.8711,-3.096,0
-6.1794,-2.2718,0
-2.6631,-3.9424,0
-4.3958,1.2632,0
-3.3724,4.9052,0
-3.9451,-0.18902,0
-5.9884,-0.6699,0
-3.0702,1.3478,0
-2.1369,0.13017,0
-4.3865,-1.4147,0
-5.631,0.93042,0
-3.8622,-0.65348,0
-2.5883,4.7601,0
-4.5067,0.14711,0
-2.6022,-2.3434,0
-2.7023,4.4466,0
-3.3893,1.5691,0
-1.3487,-4.0354,0
-1.9862,5.0944,0
-2.732,-3.1821,0
-3.8121,3.5472,0
-2.3901,-3.2592,0
-4.0527,4.313,0
-2.2907,5.3424,0
-5.9394,-2.5366,0
-2.8983,1.5126,0
-6.0308,-3.1224,0
-1.0267,3.2196,0
-2.5856,3.5393,0
-1.2789,4.5077,0
-1.1622,5.3281,0
-1.4755,3.1681,0
-0.59606,-4.1805,0
-2.2613,1.7123,0
-1.3433,5.2758,0
-2.205,2.6759,0
-1.2572,5.4778,0
-0.82429,4.9599,0
-2.0238,-2.8864,0
-4.4631,4.3662,0
-4.56,4.9466,0
-1.7579,3.6472,0
-2.8336,4.2998,0
-1.8939,-2.803,0
-0.33863,5.6911,0
-2.4292,1.4658,0
-2.5702,-3.6131,0
1.4016,5.5821,0
-3.3242,3.4251,0
0.29364,4.6907,0
-2.069,3.1653,0
-1.5544,-2.5674,0
-4.2136,4.2056,0
-0.56791,0.30037,0
-5.8254,-3.375,0
0.6013,5.8175,0
1.4914,-4.3359,0
-3.1759,3.7268,0
-3.0463,4.9596,0
0.50353,-3.8439,0
-4.1885,2.6649,0
-3.9546,2.9143,0
1.8072,-4.4273,0
-5.6292,-3.4976,0
-3.9174,4.0339,0
1.3368,5.8203,0
0.078181,5.111,0
3.0875,-4.4764,0
0.8639,5.1808,0
-1.8944,2.5431,0
1.8133,5.5815,0
-3.8897,4.1942,0
2.3426,2.8644,0
-5.0184,-2.8479,0
1.2103,-2.0546,0
2.9187,5.2469,0
2.7483,5.1697,0
3.5041,-4.5423,0
3.2704,5.0958,0
-5.6681,-2.5957,0
5.0166,-2.5231,0
1.9513,-4.2918,0
3.9578,4.6087,0
3.4285,-4.1216,0
5.3445,0.4119,0
6.855,1.1179,0
-5.7739,-2.5296,0
-5.672,-0.335,0
-3.6816,1.3815,0
3.2899,-3.7966,0
-5.564,3.4382,0
4.4978,3.7111,0
4.9859,-4.3351,0
-6.0679,4.156,0
4.8242,4.229,0
3.7211,-3.7591,0
-3.7039,1.8077,0
4.6726,1.0314,0
-5.8814,4.1035,0
4.5094,-3.5849,0
5.3032,-3.4939,0
-5.8152,4.3664,0
5.2732,4.061,0
-5.4764,2.8558,0
5.824,-4.6937,0
-6.2461,3.4982,0
-4.5754,2.1433,0
6.0138,-3.5461,0
-4.1217,2.0203,0
5.4199,3.7145,0
6.8838,2.4935,0
-5.3891,-3.0184,0
6.8113,1.8756,0
-3.973,2.4242,0
6.9246,2.3205,0
-5.2646,4.4809,0
-0.8586,1.8779,0
5.2647,2.5972,0
-3.9699,3.2823,0
-6.1027,3.3989,0
6.4904,1.4777,0
6.1158,1.6674,0
5.2223,3.4057,0
-5.4575,-1.9546,0
5.6095,-4.4232,0
-3.5032,3.405,0
6.0245,3.372,0
-4.0166,-3.7314,0
6.2222,3.5639,0
-6.4422,-0.70354,0
1.4307,-3.647,0
6.8228,2.7028,0
-6.1293,3.2075,0
6.9358,0.061762,0
6.6847,3.0848,0
-6.2754,0.31902,0
-6.1152,0.4842,0
6.9109,3.298,0
-6.1894,2.0024,0
6.8783,-0.85789,0
-6.0824,2.5601,0
-4.3475,2.7127,0
-6.2054,2.4933,0
6.1167,-4.0281,0
6.7397,-1.5221,0
-6.0124,2.283,0
6.4865,-2.7214,0
6.6623,-1.8351,0
-6.3003,-0.4496,0
6.9166,-1.8931,0
4.3151,-2.0434,0
6.6931,-4.1831,0
-6.5795,1.2021,0
6.803,-2.8078,0
-6.4269,-0.033296,0
4.1912,-4.1682,0
6.8696,-3.3022,0
6.7568,-3.7832,0
5.7294,-3.2743,0
6.855,-3.6681,0
-6.4309,1.1902,0
5.9263,-4.5634,0
6.9044,-4.1575,0
6.8569,-4.7127,0
6.9045,-4.5608,0
-4.0015,2.0795,0
-0.40509,-3.5974,0
-0.16553,5.1178,0
-2.7804,3.5825,0
-2.6866,4.1188,0
0.39816,5.7854,0
-0.13738,-3.1838,0
-1.244,2.5835,0
-4.237,4.3842,0
-4.3851,4.0784,0
-2.3061,1.9566,0
-2.5356,1.695,0
-5.8162,-3.0425,0
-4.9678,-3.3928,0
-5.4999,-3.1922,0
0.98308,-3.9464,0
-3.2258,4.6132,0
-3.622,4.3951,0
-3.0678,4.5669,0
-1.5018,-1.5322,0
-1.1366,-3.0454,0
-4.5109,2.9228,0
-4.4448,2.3475,0
-4.5187,3.9013,0
0.10324,-2.6647,0
1.3875,-3.8811,0
-3.7213,4.5394,0
2.1713,-4.3693,0
2.8172,-4.4299,0
-2.1582,2.143,0
-1.1245,0.9732,0
-3.4229,3.7992,0
-3.4225,4.3905,0
-3.0434,3.478,0
2.2864,5.5701,0
1.9581,5.7363,0
-4.765,-3.5181,0
-4.5541,-3.4491,0
6.8631,0.17249,0
6.7568,0.33199,0
2.4694,5.4369,0
-5.7677,4.2271,0
3.3669,-4.3685,0
2.2258,-0.5563,0
2.4721,4.9819,0
2.429,-4.0229,0
2.5953,-4.4582,0
-6.0172,-1.8153,0
-5.2799,-3.2046,0
-5.2395,-2.1755,0
6.9164,-0.63581,0
6.8854,-0.27082,0
1.0627,2.3049,0
3.1271,-3.6293,0
2.6261,4.2428,0
3.6641,-4.5554,0
3.2392,4.527,0
3.5839,-4.4262,0
5.5188,-0.30685,0
6.6135,-0.56249,0
-4.9173,-2.5705,0
-5.7337,-2.1285,0
3.7774,-4.408,0
-4.4166,-0.16489,0
-4.88,0.57451,0
3.5686,4.7009,0
4.3925,4.1441,0
-3.3674,1.4056,0
3.7983,-4.2208,0
4.1874,-4.6014,0
-4.3422,3.211,0
-4.4516,3.5182,0
4.3462,4.3918,0
4.4188,-4.3,0
4.7514,-4.6464,0
4.9739,-4.5897,0
6.3733,0.42901,0
6.8796,1.7501,0
6.6114,-2.1801,0
6.7435,1.4282,0
5.2795,-4.6518,0
-5.321,3.9534,0
-5.4604,4.4734,0
5.7092,2.5975,0
-6.1886,3.8168,0
-6.2687,3.0934,0
5.3905,-4.4035,0
-4.1553,1.8949,0
-4.197,2.2925,0
6.9116,-2.9796,0
-3.796,1.9286,0
-5.1817,-3.389,0
-4.7123,-3.1103,0
6.6101,1.518,0
6.273,1.3239,0
6.5323,1.7636,0
-4.7216,4.4067,0
-0.42899,-2.1084,0
1.9034,0.9893,0
-4.147,3.2336,0
4.2767,4.288,0
6.5604,2.2315,0
-5.8747,-1.9683,0
6.4097,1.7899,0
6.4393,3.0219,0
-6.1125,-2.7521,0
6.8879,0.92239,0
6.0632,0.71167,0
-5.4812,-1.4821,0
-6.37,-1.2587,0
6.2421,2.8216,0
5.5328,3.861,0
-4.2021,-2.2607,0
-5.3483,-1.0858,0
6.5786,0.25172,0
-4.306,2.398,0
6.4475,-4.7164,0
-3.8503,3.0443,0
6.8617,2.9958,0
-6.0734,-0.88573,0
-6.1556,-0.34866,0
1.8295,-3.9432,0
3.4153,-1.9543,0
-6.2507,-1.5625,0
-6.2355,2.9097,0
-5.8807,2.8632,0
6.2369,-0.24455,0
-5.8493,-0.063974,0
-5.4798,0.76735,0
6.7529,-0.53644,0
-5.7533,-1.6448,0
-5.1732,0.39717,0
-5.9228,0.94466,0
-3.5308,1.6414,0
6.6091,-1.3736,0
-6.0537,2.8564,0
-6.4797,2.8267,0
-5.262,3.2043,0
-4.5179,2.4551,0
6.7491,-0.9979,0
-6.3412,2.8166,0
-6.5006,2.537,0
6.3134,-1.2391,0
-6.3546,1.7638,0
-5.3437,1.3137,0
6.8857,-1.4157,0
5.7926,-0.87212,0
5.9861,-2.1462,0
6.0392,-1.4727,0
6.4104,-2.4478,0
-6.1644,0.78669,0
-6.0883,1.5011,0
6.8563,-2.2802,0
4.5698,-4.5901,0
4.8995,-3.1798,0
6.2837,-4.3899,0
6.6629,-3.3888,0
6.5129,-3.2422,0
6.638,-3.714,0
6.3923,-3.0726,0
6.4493,-4.4916,0
-5.9707,0.78811,0
6.4881,-4.1329,0
6.7277,-3.993,0
-6.5966,1.3693,0
6.7581,-4.3727,0
-6.426,0.94296,0
-4.0266,1.6942,0
-6.7161,0.74215,0
-0.96558,5.2845,0
-0.14546,5.4761,0
-6.3936,1.5873,0
-6.3378,1.4436,0
-4.5913,-3.2536,0
-3.9363,-3.3937,0
-0.95483,4.0092,0
-6.3755,0.53665,0
0.03808,-4.0503,0
-1.7364,-3.4726,0
-2.6334,4.9865,0
-2.5035,4.1969,0
-5.5333,1.5618,0
-1.854,-3.6761,0
-5.8811,0.36819,0
-5.9552,2.5062,0
-2.1556,4.7625,0
-1.4649,4.0601,0
-6.4183,-0.99129,0
-0.71345,-3.8212,0
-6.1687,-0.18022,0
-5.8988,0.15436,0
-1.4266,-3.5542,0
-2.561,1.5712,0
-2.2527,0.9587,0
-2.2777,3.2652,0
-5.1509,-0.3182,0
-6.1948,-1.7687,0
-2.1316,2.4274,0
-2.6921,0.8596,0
-1.5163,3.3202,0
-5.4248,2.5974,0
-1.0696,3.4741,0
-1.2519,4.9192,0
-4.7904,2.2913,0
-1.6957,-3.8639,0
-4.9483,0.97542,0
-0.71645,-4.1328,0
-2.3719,4.689,0
-1.4217,4.8369,0
-3.4198,3.9927,0
-2.511,3.7319,0
-2.3811,3.0108,0
-1.5947,3.4949,0
-3.7621,1.6716,0
-1.9561,-3.1813,0
-1.7134,-2.1494,0
-2.8047,1.1542,0
-5.4965,-2.6097,0
-3.5077,0.67285,0
-2.9131,-3.3368,0
-5.2349,4.2587,0
-3.2567,3.2614,0
-3.5201,-2.9551,0
-2.9747,0.62793,0
-4.3892,-3.2712,0
-3.5667,-3.5108,0
-2.4235,3.4105,0
-2.0149,2.8622,0
-2.2729,-3.967,0
-3.2882,1.3009,0
0.29243,3.4466,0
-4.4497,1.0008,0
-3.4745,1.1971,0
-4.2088,3.6978,0
-3.2021,4.4183,0
-3.2046,5.0196,0
-2.5977,-1.0621,0
-3.7018,-3.0435,0
-4.5453,1.6759,0
-4.309,0.46225,0
-6.0175,-0.43975,0
-2.9642,1.3975,0
-2.0833,0.69276,0
-4.8949,-0.97128,0
-5.3335,1.1485,0
-3.7198,-0.40161,0
-2.9528,4.8532,0
-4.6326,0.41912,0
-2.4004,-2.1259,0
-2.7857,4.8271,0
-1.7821,-4.045,0
-2.698,-3.429,0
-2.2797,-3.4287,0
-4.0538,4.1277,0
-5.9712,-3.0069,0
-1.3058,2.1388,0
-2.5925,3.341,0
-1.3068,4.1272,0
-0.96136,5.0569,0
-1.6257,3.193,0
-2.2035,1.8809,0
-2.2381,2.7902,0
-0.95881,4.8567,0
-2.1701,-2.4688,0
-2.0442,3.6621,0
-1.5761,-4.0507,0
-2.0233,-2.5173,0
-2.5977,1.3862,0
-2.4743,-3.4339,0
0.81055,5.5614,0
-3.5638,3.5339,0
-0.11397,4.6331,0
-1.7847,-2.3452,0
-0.11701,-0.03551,0
0.48558,5.3092,0
-3.3159,3.6492,0
0.41988,-4.0513,0
-4.0633,2.791,0
-5.6054,-3.6543,0
-4.0617,3.9556,0
2.9787,-4.3035,0
1.2792,5.1737,0
-1.8194,2.6755,0
1.6815,5.6703,0
0.72195,4.2689,0
-5.0086,-2.229,0
1.1572,-0.91026,0
2.1142,4.9788,0
3.3744,4.7751,0
4.8375,-1.3577,0
3.5903,-3.852,0
5.098,-0.12978,0
6.75,0.81976,0
-5.8407,-0.39285,0
2.4948,-3.7969,0
-5.8526,3.6442,0
4.2986,3.6034,0
4.5489,-4.4365,0
4.5803,4.148,0
3.6148,-3.584,0
3.687,2.3655,0
4.266,-2.7944,0
5.7585,-4.1438,0
-5.8201,2.5664,0
6.0052,-3.1013,0
4.9281,2.9417,0
6.8056,2.3396,0
-5.4604,-2.8323,0
6.746,1.6048,0
-5.4064,4.663,0
-0.90288,3.0519,0
5.4305,3.5258,0
6.0505,3.5242,0
6.5058,1.6047,0
6.1166,1.5113,0
5.2408,3.6364,0
-5.6206,-2.0044,0
5.1687,-4.4539,0
5.8461,2.9037,0
6.8935,0.51747,0
0.7833,-3.7103,0
6.7169,2.57,0
6.3139,3.2176,0
-6.2492,0.46327,0
6.855,-1.2683,0
5.6385,-3.6838,0
6.6514,-1.6788,0
-5.697,2.4448,0
6.3088,-2.9432,0
-6.0851,0.62581,0
6.5486,-1.9232,0
3.2662,-0.98929,0
6.2805,-4.1648,0
6.7458,-3.0007,0
6.6806,-3.8677,0
5.4975,-2.8748,0
-6.2692,1.2663,0
-0.13439,-3.9489,0
-0.33237,5.3235,0
-2.6472,4.2864,0
0.40917,5.5881,0
0.6999,-2.7282,0
-1.2308,3.0025,0
0.65211,-3.9961,0
-0.8962,-2.5073,0
-0.98994,-3.5304,0
-4.4908,2.7702,0
-4.2289,2.1423,0
0.15343,-2.9957,0
1.0732,-4.0515,0
-2.0231,2.1594,0
-0.16437,0.65468,0
-3.5708,3.8707,0
2.4038,5.2146,0
0.69855,-0.08369,0
1.5823,4.454,0
2.4762,-4.1981,0
-5.7047,-2.2818,0
-5.2816,-1.9734,0
6.8994,-0.42551,0
3.4003,4.977,0
-0.083363,2.4211,0
3.326,-3.6121,0
2.3969,4.7467,0
2.9199,4.6065,0
5.5584,0.029658,0
6.7913,-0.70724,0
-4.5206,-2.5124,0
3.9851,-4.2978,0
-4.7295,-0.0072423,0
-5.2899,1.0023,0
3.6906,4.5238,0
4.761,3.8782,0
3.9456,-4.0943,0
-4.5508,3.1166,0
-4.3755,3.6495,0
4.4489,4.3071,0
6.6025,0.41739,0
6.7736,-2.173,0
6.6704,-2.4665,0
6.5629,1.3257,0
-5.0716,4.1964,0
-5.5828,4.5782,0
5.5647,2.2465,0
-4.5678,-2.9478,0
6.6588,1.9323,0
-4.91,4.4395,0
0.29865,-2.2723,0
2.43,-0.24596,0
-4.0169,3.0901,0
-3.6962,3.0116,0
6.4094,2.6216,0
6.2835,1.7866,0
6.724,0.98279,0
5.6666,0.374,0
-5.8484,-1.3756,0
6.1228,2.9834,0
-4.5301,-1.7376,0
-5.5036,-1.2146,0
6.1683,-0.014507,0
-6.0854,-0.73627,0
1.7081,-3.7904,0
4.1479,-1.4405,0
-5.8286,3.0323,0
6.5363,0.063485,0
-5.0713,0.8635,0
-5.8842,-1.7335,0
-5.0304,0.62851,0
6.5255,-1.5578,0
-5.3311,2.9311,0
6.6955,-1.1973,0
6.0556,-0.86516,0
-6.2263,1.587,0
-5.2064,1.379,0
5.1512,-0.58411,0
5.5055,-2.0851,0
6.1268,-1.1927,0
6.6577,-2.7249,0
-6.0722,0.94938,0
-6.1859,1.7385,0
4.7433,-4.4555,0
5.5461,-3.2363,0
6.0718,-4.1998,0
6.3246,-3.522,0
6.4493,-2.9052,0
6.5214,-3.3844,0
6.054,-2.9508,0
6.2807,-4.5797,0
6.5877,-4.009,0
-6.2476,0.94029,0
-1.7815,4.7854,0
0.1237,5.7295,0
-3.0082,-3.4922,0
-4.2059,-3.1461,0
-4.7492,-2.9241,0
-3.4105,-2.4154,0
-0.52045,5.1308,0
-1.0363,4.7199,0
-5.9944,1.2565,0
-6.2032,1.8735,0
0.049936,-3.6107,0
-0.28585,-4.0915,0
-2.0972,4.332,0
-2.1799,4.9717,0
-2.242,3.8595,0
-1.7951,4.3506,0
-5.0415,1.6776,0
-5.2915,2.3247,0
-2.2804,-3.7744,0
-6.3504,0.21533,0
-6.3162,-0.11099,0
0.88504,-4.12,0
-5.8811,1.6816,0
-5.0242,2.0716,0
-1.6679,4.3106,0
-1.5913,4.7463,0
-1.1739,4.231,0
-1.0878,-3.905,0
-5.9366,2.109,0
-6.3242,0.015615,0
-0.7566,-3.9777,0
-1.1428,-4.0865,0
-6.2283,-0.97046,0
-3.2695,0.79215,0
-2.593,-0.502,0
-6.2332,-1.2612,0
-1.8916,3.1544,0
-1.7977,3.4358,0
-1.3621,2.7393,0
-1.7706,3.2461,0
-6.1853,-1.136,0
-5.8825,-1.5763,0
-6.0163,-2.0907,0
-1.7753,2.2367,0
-1.9577,1.5225,0
-2.762,1.3042,0
-1.3186,3.7276,0
-1.4822,3.8776,0
-4.7657,2.4209,0
-4.8175,2.9115,0
-0.6183,3.8768,0
-1.0942,3.7359,0
-1.8346,4.9679,0
-4.749,1.5229,0
-4.4671,2.0291,0
-1.8201,2.8351,0
-2.1546,2.862,0
-5.7936,3.4545,0
-6.0265,3.8811,0
-1.1499,-3.5676,0
-3.9712,0.85828,0
-4.5764,1.5126,0
-5.0449,4.5714,0
-5.5848,3.8055,0
-2.3591,4.2969,0
-1.9529,4.6537,0
-1.1719,5.1203,0
-2.8317,3.7787,0
-3.0619,4.1956,0
-1.9673,3.4409,0
-1.9013,4.0421,0
-2.1096,2.9827,0
-1.8047,3.8548,0
-2.1284,-2.7966,0
-2.1553,-3.2246,0
-1.1917,-0.19531,0
-2.7958,-1.5576,0
-3.5083,1.3323,0
-4.1307,1.4322,0
-3.8638,4.8093,0
-4.1825,4.8457,0
-3.5864,3.2839,0
-3.8102,3.7762,0
-3.325,-3.2627,0
-4.5621,3.7081,0
-3.189,3.5316,0
-3.1593,-3.5806,0
-3.9829,-1.8169,0
-4.3959,-3.0605,0
-5.4856,-3.5365,0
-2.5002,3.0971,0
-3.7217,0.19679,0
-3.1524,-0.16007,0
-3.9881,-3.5544,0
-3.3152,-3.0351,0
-2.6161,3.1879,0
-0.70641,5.4685,0
-0.59204,4.4909,0
-1.0436,4.52,0
-4.377,0.73667,0
-3.9477,1.1535,0
-3.6668,0.96555,0
-2.952,1.2496,0
-3.6865,3.7551,0
-3.3612,4.7047,0
-3.0731,-2.2048,0
-2.0723,-2.0875,0
-3.5937,5.0161,0
-4.2299,-2.8249,0
-3.9887,-3.2119,0
-4.5062,1.1677,0
-4.0721,1.0216,0
-4.4485,-0.75961,0
-3.5246,0.00052901,0
-6.1995,-0.81494,0
-5.5678,-0.81139,0
-3.1673,1.2275,0
-3.0374,0.18026,0
-1.3107,-0.86322,0
-4.7169,-2.1719,0
-3.3346,-1.3543,0
-5.7858,1.025,0
-5.327,0.11016,0
-4.0202,-0.37453,0
-3.8502,-1.4903,0
-2.3678,4.4753,0
-2.3962,5.0494,0
-4.5972,-0.26192,0
-4.0355,0.14931,0
-2.7893,-1.8874,0
-2.6987,-2.8359,0
-2.5232,-3.0932,0
-3.048,-3.2059,0
-3.6753,3.5987,0
-4.0606,3.6455,0
-2.2395,-2.8014,0
-2.0765,5.3361,0
-0.80063,3.4409,0
-1.3631,3.4554,0
-2.2033,3.6674,0
-1.2186,4.7264,0
-1.4507,4.462,0
-1.0512,5.4995,0
-1.5611,2.8356,0
-1.1557,3.369,0
-2.3529,1.8262,0
-2.254,1.4444,0
-0.64478,4.9286,0
-0.77753,5.3456,0
-2.0407,-3.0525,0
-1.7011,-3.0092,0
-1.6292,3.7923,0
-2.8013,3.9716,0
-1.8726,-2.9981,0
-1.4276,-2.9083,0
-1.9721,1.3568,0
-2.7552,-3.6292,0
1.8598,5.2295,0
1.5334,5.9565,0
-3.1926,3.6315,0
-0.25082,3.8498,0
1.1811,5.6411,0
-2.0945,3.3612,0
-1.7404,-2.8387,0
-1.3604,-2.0484,0
0.26083,1.7742,0
-1.3938,0.57951,0
-5.769,-3.5379,0
0.80156,5.8032,0
1.4894,-4.1255,0
-3.0326,3.7602,0
-3.1965,4.0124,0
0.82692,-4.3098,0
0.2237,-3.3589,0
-3.7981,2.8773,0
1.6891,-4.2739,0
-3.7175,4.2194,0
1.5503,5.7288,0
-0.085981,4.8926,0
0.49961,5.0569,0
0.59203,5.6385,0
0.68981,4.837,0
-1.9161,2.2474,0
1.4929,5.3289,0
2.0667,5.5292,0
-3.7788,4.0868,0
3.3971,1.4174,0
3.37,4.1508,0
-5.2949,-2.869,0
1.0907,-2.8337,0
2.5953,-3.1248,0
4.0123,-3.4875,0
5.6325,-2.5698,0
2.1973,-4.0358,0
3.2469,4.9311,0
3.1372,-4.285,0
5.938,0.37217,0
5.3376,1.5829,0
-5.9206,-0.77967,0
-5.3818,-0.17099,0
-3.621,1.2151,0
3.2519,-4.0023,0
-5.9681,2.9827,0
-5.1382,3.6856,0
4.5445,3.2545,0
5.1886,-3.9981,0
5.0752,4.0686,0
4.1669,-3.6464,0
4.7578,0.1438,0
5.4179,1.1751,0
-5.6357,3.9598,0
4.3057,-3.9867,0
4.927,-4.138,0
5.2412,-3.3201,0
4.6767,-3.9788,0
5.2892,3.8808,0
-5.1068,3.0521,0
-5.6718,3.3013,0
6.0457,-4.7013,0
-4.5729,1.9257,0
-4.466,2.1997,0
5.5601,-3.9978,0
6.4679,-3.7214,0
-4.2878,1.9785,0
5.6062,3.6711,0
-5.1361,-3.0116,0
6.6984,2.1248,0
-4.0747,2.3209,0
6.6743,2.4058,0
-5.3519,4.1185,0
-1.3953,1.8734,0
-0.74887,1.2451,0
4.4244,2.6623,0
5.95,1.968,0
-5.9408,3.3767,0
6.2578,1.6038,0
6.7387,1.2675,0
5.7736,2.2422,0
4.6965,3.5786,0
5.3368,3.0578,0
-5.406,-2.3573,0
-5.3796,-1.8275,0
5.9139,-4.4159,0
-3.4475,3.5382,0
6.3745,3.4472,0
5.8735,3.3829,0
6.16,3.3616,0
1.6115,-3.9338,0
1.9388,-3.1096,0
6.9169,0.31466,0
6.8167,0.0063015,0
6.7492,2.8834,0
-6.0598,0.13496,0
-6.1927,0.20068,0
-4.3913,2.857,0
-4.4732,2.5981,0
6.0987,-4.4906,0
6.339,-3.8324,0
6.9017,-1.5572,0
-6.0648,2.4248,0
6.6199,-2.8681,0
6.8529,-2.4324,0
6.7921,-1.9037,0
-6.0622,-0.59724,0
4.5859,-3.1273,0
4.859,-1.7963,0
-6.6146,1.0831,0
6.7747,-2.6138,0
4.359,-3.704,0
6.7039,-3.1839,0
6.8395,-3.8767,0
6.7006,-3.5585,0
5.6079,-3.4005,0
6.1279,-3.2239,0
6.0269,-4.3337,0
-0.81229,-3.2108,0
0.13834,5.3136,0
-2.8721,4.1057,0
-2.5112,4.0362,0
-0.59724,-3.0571,0
-0.14931,-3.6923,0
-1.7338,2.5809,0
-0.71602,2.7207,0
-4.5982,4.0081,0
-2.1009,2.0178,0
-2.4197,1.6649,0
-4.9295,-3.6075,0
1.3048,-4.2882,0
0.90117,-3.5796,0
-2.8788,4.5075,0
-1.2365,-1.1084,0
-2.2895,-1.7249,0
-0.97824,-2.7686,0
-1.3803,-3.2517,0
-4.0971,2.9415,0
-4.6532,2.9772,0
-4.6421,3.4895,0
0.20323,-1.3563,0
-0.33621,-2.8156,0
1.2228,-3.7064,0
2.5925,-4.1075,0
-1.147,1.6084,0
-1.758,0.79272,0
-3.1333,3.8609,0
-3.5216,4.2052,0
6.6052,0.57935,0
3.2441,-4.1773,0
1.4649,-2.7156,0
3.438,0.31308,0
2.6965,5.0078,0
3.0793,-3.8588,0
2.0591,-3.881,0
2.8452,-4.2503,0
-5.5803,-2.201,0
-5.1579,-2.7742,0
6.4887,-0.30283,0
1.3572,1.2996,0
2.2038,3.8549,0
3.1987,-2.7529,0
2.8579,-3.9093,0
3.9475,3.6421,0
2.6627,4.7531,0
3.395,2.8836,0
5.3988,-0.59629,0
5.8125,-0.27385,0
6.6435,-0.23024,0
6.2954,-0.69225,0
-5.2191,-2.4522,0
-4.8541,-2.7824,0
-4.4555,-0.41258,0
-4.0909,-0.031664,0
-4.8695,0.29779,0
-4.6317,0.89069,0
3.7537,4.7651,0
4.1799,4.025,0
-4.3756,3.0053,0
-3.9782,3.5034,0
-4.514,3.34,0
-4.3646,3.3852,0
4.4011,-4.1158,0
4.1902,-4.3953,0
4.6155,-4.3169,0
6.319,1.0771,0
6.419,0.19046,0
6.7101,1.7615,0
6.2017,-1.8644,0
-5.669,4.1921,0
-5.3559,3.4804,0
6.3834,2.2516,0
5.6552,2.8287,0
-6.0006,3.7292,0
5.2031,-4.3014,0
-4.1372,1.7683,0
-4.9288,-3.1736,0
5.9715,0.93634,0
6.3705,1.2003,0
-0.79508,-1.4156,0
-0.4918,-2.498,0
1.5068,2.095,0
1.9485,-0.022892,0
-4.2506,3.3429,0
6.4432,1.9191,0
-6.0848,-1.9398,0
5.8551,3.1903,0
6.5875,2.903,0
6.4724,0.66056,0
5.9931,1.2611,0
-5.5404,-1.8254,0
-4.7077,-1.4232,0
5.8823,2.5349,0
6.4588,2.8163,0
-4.3253,-2.5493,0
-3.709,-2.3488,0
-5.2676,-1.4103,0
-5.0596,-0.66413,0
6.702,0.12638,0
-4.4118,2.4703,0
6.586,-4.5845,0
6.2412,-4.7388,0
-5.9275,-1.1412,0
-5.7426,-0.88941,0
-6.0343,-0.087767,0
1.8378,-4.1416,0
2.1265,-4.1992,0
2.2776,-1.4822,0
3.6191,-2.5422,0
5.9416,-0.14543,0
6.3036,-0.54408,0
-5.6658,-0.16779,0
-5.6519,0.76241,0
-5.7054,0.617,0
6.7631,-0.33972,0
6.67,-0.69357,0
-5.6093,-1.3709,0
-5.4634,0.46404,0
-4.9067,0.022242,0
-5.7976,0.85798,0
-5.9662,1.1249,0
6.5716,-1.0431,0
-6.3991,2.6906,0
-4.8049,3.4852,0
-5.5336,3.2536,0
-4.7433,2.7126,0
6.5245,-0.67415,0
6.2972,-1.4084,0
-5.8915,1.9396,0
-5.6372,1.1101,0
5.7441,-1.3134,0
5.9056,-0.60431,0
6.1718,-2.7033,0
6.4142,-1.9276,0
5.7653,-1.8598,0
6.3614,-1.5075,0
6.4765,-2.1855,0
5.958,-2.4804,0
-6.1458,1.3169,0
-5.6753,1.2946,0
6.544,-2.332,0
4.508,-2.4425,0
4.8701,-3.4012,0
6.3902,-3.3893,0
6.4156,-3.9934,0
6.4713,-4.295,0
-6.5032,1.0716,0
-4.2731,1.6893,0
-1.1795,3.8679,0
-2.5647,5.2239,0
-5.6385,1.9632,0
-5.4747,0.16151,0
-0.52472,-3.7793,0
-2.0334,1.1323,0
-4.8724,-0.39615,0
-2.8262,0.80307,0
-5.7674,2.7201,0
-5.1308,0.98989,0
-4.8848,4.2326,0
-1.9028,-2.402,0
-2.7669,0.99013,0
-5.2286,-2.6596,0
-3.6702,0.49748,0
-3.4995,-3.3331,0
-2.6684,0.73214,0
-3.1972,1.3826,0
-0.12824,3.0373,0
-4.7521,1.0238,0
-4.3779,3.82,0
-2.2961,-0.48957,0
-4.0817,0.70138,0
-1.9405,0.8557,0
-4.8799,-0.73268,0
-5.2048,1.2361,0
-3.3249,-0.21193,0
-4.6939,0.56316,0
-2.2166,-2.1569,0
-1.4621,2.5896,0
-2.1404,1.7586,0
-1.1661,4.8509,0
-0.43007,4.9501,0
-1.8773,-2.2607,0
0.098147,-1.9264,0
0.068266,5.5032,0
0.97167,5.6738,0
2.7684,-4.0968,0
1.6887,5.1121,0
1.1553,4.9666,0
-4.7432,-2.4531,0
1.228,-0.36349,0
2.0542,5.229,0
5.3534,-1.2114,0
4.7127,-0.83352,0
6.4687,0.85431,0
-3.8166,1.3582,0
3.2999,-3.2207,0
3.6985,4.2845,0
3.4632,-3.4987,0
3.8707,3.2216,0
4.677,-2.7422,0
5.5682,-4.2378,0
5.051,3.5415,0
-0.64568,3.2876,0
5.6467,3.4573,0
5.783,1.1037,0
5.5411,3.0427,0
0.55856,-3.4594,0
6.7562,-1.3559,0
5.7707,-3.4143,0
6.4963,-1.7724,0
-5.6273,2.2504,0
6.3159,-2.5965,0
6.3248,-1.8131,0
4.2625,0.45491,0
5.6925,-2.3437,0
-6.0984,1.2371,0
0.91288,-3.1609,0
-1.1835,3.18,0
-2.7414,4.6326,0
-1.3855,-2.684,0
-0.84215,-3.6673,0
0.04654,-3.4236,0
-1.888,2.1311,0
-0.22806,0.32799,0
-3.7608,3.9156,0
0.56412,0.3955,0
1.4265,4.7839,0
-5.2481,-1.7015,0
-0.55497,3.0865,0
2.282,4.9161,0
2.8673,5.0679,0
6.0442,0.12003,0
-4.3679,-2.6918,0
-4.725,0.29183,0
-5.2019,1.1046,0
3.4751,4.3448,0
-5.064,3.1852,0
6.9125,-2.1876,0
6.6,-2.5932,0
6.3878,1.3854,0
4.9827,2.2495,0
6.3817,1.5305,0
0.2976,-2.6508,0
2.6737,-0.58785,0
5.6127,0.22354,0
-6.065,-1.0614,0
-4.5387,-1.5739,0
-5.8092,-1.2018,0
6.0903,0.42004,0
1.8238,-3.4563,0
4.4341,-1.7529,0
-5.413,3.1279,0
-4.9445,0.76954,0
-5.3767,2.7467,0
6.0249,-0.69939,0
-4.83,1.3047,0
5.2229,-0.3462,0
5.2598,-1.6126,0
6.241,-1.0631,0
5.4925,-3.561,0
5.9411,-4.0725,0
6.3204,-2.7881,0
-5.8142,0.70115,0
-6.342,1.0863,0
-2.954,-3.6693,0
-3.6723,-2.0061,0
-0.67093,4.695,0
-0.21245,-3.5144,0
-0.42608,-4.2176,0
-1.9362,4.4424,0
-2.2191,5.1738,0
-4.8854,2.0186,0
-5.3006,2.4952,0
-5.4339,1.8227,0
-4.8759,1.8735,0
-6.0874,2.1789,0
-3.3902,0.57162,0
-2.3699,-0.97991,0
-1.9291,3.5762,0
-1.4194,3.0152,0
-6.0612,-1.246,0
-1.3512,2.4215,0
-2.305,1.5728,0
-4.9458,2.3784,0
-4.7509,3.0994,0
-0.89047,3.8249,0
-4.5471,1.3249,0
-5.9716,3.5341,0
-1.1076,-3.3945,0
-3.9652,1.3366,0
-2.2415,4.3788,0
-1.9304,4.2522,0
-2.2447,3.0817,0
-1.9657,3.8775,0
-2.1293,-3.419,0
-1.597,-0.52495,0
-3.0606,-1.9891,0
-3.848,-2.4669,0
-3.4096,0.40559,0
-2.6387,-0.088848,0
-3.2116,-2.8845,0
-0.40725,4.4572,0
-4.3376,0.88417,0
-3.4238,0.8066,0
-2.6018,-2.0796,0
-1.7763,-1.7862,0
-4.2504,-2.9687,0
-4.1135,-0.5083,0
-3.4607,0.26397,0
-5.311,-0.7907,0
-3.248,1.0663,0
-2.8011,-0.24367,0
-1.0899,-0.67193,0
-4.4698,-2.363,0
-2.9029,-1.3669,0
-3.8582,-0.44429,0
-3.8679,-1.7487,0
-4.6135,-0.12994,0
-3.8601,0.29487,0
-2.7598,-2.2044,0
-2.6695,-2.9976,0
-3.7813,3.6743,0
-4.1296,3.5487,0
-2.2855,-2.5438,0
-0.97307,3.3909,0
-2.3523,3.7449,0
-1.5264,4.3351,0
-1.3564,2.874,0
-2.1808,1.1377,0
-0.95097,-3.0358,0
-2.103,1.4092,0
-3.0985,3.6218,0
0.12793,3.8764,0
-0.89812,-2.2605,0
-0.27863,1.9908,0
-1.7901,0.45243,0
1.2536,-4.0797,0
0.042901,-3.1992,0
0.6803,5.2348,0
0.48788,5.4866,0
1.2505,4.5564,0
1.7283,5.3611,0
3.8717,1.6125,0
3.8653,4.1196,0
1.0247,-2.5072,0
2.786,-3.484,0
4.4214,-3.449,0
6.0033,-2.5956,0
2.2767,-3.8455,0
5.789,0.45824,0
5.2555,2.4138,0
-5.7178,-0.70007,0
-5.4493,0.041738,0
-5.1127,3.8805,0
4.4906,3.4442,0
4.9202,-3.7749,0
4.3427,-3.5564,0
3.7809,0.72039,0
5.5073,1.4406,0
-5.72,4.0758,0
4.4951,-3.9852,0
5.0614,-3.2677,0
4.7684,-4.0908,0
-5.2213,3.075,0
6.5765,2.5454,0
-1.2351,1.9702,0
-0.20152,1.1526,0
4.7615,2.6108,0
6.0761,1.8543,0
6.2613,1.4447,0
5.7373,2.4059,0
4.8659,3.2241,0
5.432,3.2724,0
-5.4318,-2.1109,0
-5.6213,-1.6994,0
1.5568,-3.7682,0
1.9737,-2.4351,0
6.3493,-3.6597,0
-6.0939,2.0735,0
4.8491,-2.8172,0
5.507,-1.8001,0
6.1913,-3.0521,0
-0.32096,-3.3746,0
0.31015,5.432,0
-2.4266,3.8929,0
-0.17086,-2.8931,0
-1.4315,2.2503,0
-0.40535,2.7055,0
-4.651,3.8853,0
0.72625,-3.5161,0
-1.2167,-1.6878,0
-2.455,-1.8875,0
-1.2344,-2.8748,0
-1.3006,-3.4456,0
-4.2025,3.0582,0
-4.6347,2.8304,0
-0.43793,-1.3277,0
-0.23752,-3.0884,0
0.98964,-3.7506,0
2.6468,-4.2721,0
-1.0881,1.3101,0
-1.9878,0.41599,0
6.6221,0.88258,0
2.6549,-2.7481,0
4.4661,0.15619,0
2.9167,-3.7006,0
6.1948,-0.4754,0
0.79491,1.7705,0
2.4221,4.2401,0
2.8923,-3.2506,0
4.1227,3.7393,0
3.8825,2.8269,0
5.7155,-0.64214,0
5.762,-0.067972,0
6.6212,-0.41439,0
6.1945,-0.91492,0
-5.1312,-2.5983,0
-4.6873,-2.8074,0
-4.2131,0.1024,0
-4.7886,0.42807,0
-4.6052,1.0596,0
4.3103,3.8051,0
6.1687,0.59609,0
5.8989,-1.5818,0
-5.5411,4.1248,0
-5.0726,3.3905,0
6.2089,2.5792,0
5.3798,2.8436,0
6.0817,0.85046,0
-0.25111,-1.8085,0
-0.27589,-2.663,0
1.562,1.4328,0
2.1483,-0.25609,0
6.5512,2.0607,0
5.9628,3.0505,0
6.2636,0.92559,0
5.9782,1.4086,0
-5.4568,-1.6603,0
-4.6189,-1.2479,0
6.043,2.6645,0
-4.3548,-2.3962,0
-3.4187,-2.2212,0
-5.3309,-1.2879,0
-5.5111,-0.42644,0
-5.7744,-1.3161,0
2.995,-1.516,0
4.1277,-2.4995,0
6.1104,-0.17869,0
6.4022,-0.64366,0
-5.513,-0.083458,0
-5.5665,0.83818,0
-5.7271,0.24842,0
-5.6747,-1.196,0
-5.3554,0.30573,0
-4.6434,0.14748,0
6.5899,-0.84823,0
-5.1857,3.5156,0
-5.6386,3.12,0
-4.6539,2.5374,0
5.612,-1.1197,0
5.6887,-0.40741,0
6.0774,-2.3106,0
6.0503,-1.6489,0
-6.0467,1.3635,0
-5.4935,1.2166,0
6.7203,-2.3105,0
4.4698,-2.878,0
-4.1404,1.604,0
-0.75778,5.1507,0
-3.7982,-3.524,0
-0.74011,3.6426,0
-0.80398,4.5127,0
-2.4612,4.8728,0
-2.2183,4.2496,0
-5.8791,1.3093,0
-5.9813,0.51291,0
-6.1521,0.35854,0
-5.8323,2.2963,0
-0.79568,-3.4542,0
-0.89479,-3.8636,0
-6.0325,0.40021,0
-1.5279,-3.3874,0
-2.6129,1.1635,0
-2.275,0.35847,0
-5.3276,-0.66751,0
-2.0063,2.4495,0
-2.5504,0.8413,0
-2.4508,1.0013,0
-1.3313,3.159,0
-5.5451,2.148,0
-5.1906,2.7713,0
-0.84537,3.2555,0
-5.1205,2.2211,0
-4.7309,2.1277,0
-1.4954,-3.8691,0
-4.7521,0.72791,0
-4.8771,1.1506,0
-2.5467,4.5644,0
-3.2792,3.8397,0
-1.4224,-2.4724,0
-2.0179,-1.5985,0
-2.4836,1.2991,0
-5.6386,-2.4393,0
-3.2159,0.63109,0
-3.4066,1.0691,0
-2.9219,-3.1442,0
-5.4105,4.3001,0
-5.1787,4.0819,0
-3.8482,-2.945,0
-3.0726,1.0851,0
-3.0808,0.3303,0
1.8398,2.9904,0
0.091464,4.3756,0
-4.3814,1.1285,0
-3.5589,1.0842,0
-4.2717,3.5091,0
-3.4851,-0.79885,0
-2.4846,-1.5125,0
-3.7091,-2.8268,0
-4.7776,1.7772,0
-4.275,1.5221,0
-4.56,0.53771,0
-4.2562,-0.055113,0
-6.1604,-0.49623,0
-5.894,-0.58662,0
-2.284,0.6536,0
-1.5288,-0.13151,0
-4.9816,-1.3063,0
-4.1239,-0.79022,0
-5.4988,1.3955,0
-5.5057,0.89039,0
-3.9084,-0.32492,0
-3.7114,-0.54295,0
-4.9161,0.42244,0
-4.5566,0.28169,0
-2.6506,-1.8973,0
-2.3125,-2.3569,0
-2.9269,4.6965,0
-1.8095,1.8703,0
-1.1486,2.1413,0
-1.1471,4.0363,0
-1.3369,4.3235,0
-1.5612,3.0522,0
-2.2294,2.0524,0
-2.5608,-2.9173,0
-1.9982,-2.7102,0
-1.9323,3.7376,0
-2.1703,-2.649,0
-1.7858,-2.587,0
-2.5609,-3.2783,0
0.98115,5.2874,0
-0.2214,4.4198,0
0.15938,4.8936,0
0.38962,0.046098,0
-0.56269,-0.027292,0
0.27348,5.032,0
1.2468,5.4151,0
0.92986,4.9625,0
-1.7573,2.4225,0
0.0037123,4.0323,0
1.0026,2.8834,0
-5.1086,-2.0507,0
-5.1872,-2.3318,0
-0.49198,-0.75736,0
1.5985,-1.4857,0
1.786,4.8333,0
3.5872,4.9047,0
3.9594,-0.97616,0
5.1709,-2.1592,0
3.4603,-3.9166,0
5.3192,-0.12726,0
4.9217,0.49402,0
-5.804,-0.24151,0
2.145,-3.6787,0
-5.6832,3.6421,0
4.4135,3.2686,0
4.4509,3.9546,0
3.4932,-3.7139,0
3.8005,-3.5477,0
1.7824,2.1005,0
5.0014,1.6455,0
3.6621,-2.3485,0
3.9933,-3.1564,0
5.8411,-3.7122,0
-5.9434,2.3889,0
-5.5688,2.712,0
5.8722,-2.922,0
5.9325,-3.3249,0
4.6411,2.9279,0
5.1627,2.7962,0
6.7169,2.2632,0
-1.0767,3.0705,0
-0.59823,2.1955,0
5.9907,1.5527,0
4.8862,3.6413,0
6.2509,3.0366,0
6.7432,0.65004,0
0.66005,-3.8152,0
1.1538,-3.9017,0
6.8254,-1.1417,0
5.4702,-3.7843,0
5.7867,-3.9391,0
-5.5711,2.5522,0
6.6833,-2.0134,0
2.6468,-1.2242,0
3.773,-1.9234,0
5.1526,-2.7362,0
5.8107,-3.1263,0
0.30191,-3.8577,0
-0.33658,-3.8517,0
0.65146,5.4252,0
0.65116,-2.5072,0
0.38051,-2.8032,0
-1.0537,2.9242,0
0.62404,-4.2278,0
0.82715,-3.8909,0
-0.70139,-2.6031,0
-1.0063,-1.7956,0
-0.64372,-3.6096,0
-4.3335,2.2505,0
0.55668,-2.8841,0
0.033447,-2.8498,0
1.0742,1.2709,0
-0.45871,0.7137,0
2.5822,5.1932,0
0.049225,-0.3042,0
1.7585,-0.33127,0
0.6802,3.5942,0
2.0373,4.2181,0
-0.45484,1.4411,0
0.24182,2.7778,0
3.4526,-3.3062,0
2.1622,4.7625,0
2.7116,4.5661,0
3.0204,4.3205,0
5.4065,0.20825,0
5.6768,-0.24085,0
-4.5792,-2.1078,0
-5.003,-0.23582,0
-5.4704,1.0233,0
-5.1834,0.58243,0
6.4603,0.34648,0
6.916,-2.5727,0
5.9383,1.6987,0
5.419,2.4323,0
-4.7112,-2.6491,0
0.83751,-1.4508,0
0.068944,-2.2815,0
3.5541,-0.53027,0
1.5896,0.46858,0
6.3122,2.479,0
5.7126,0.10887,0
5.7798,0.63619,0
-5.6132,-1.5539,0
6.1334,3.1517,0
6.0166,2.8614,0
-4.9342,-1.999,0
-4.2409,-1.9333,0
-5.3749,-1.4142,0
-5.576,-1.0283,0
6.3581,-0.19467,0
4.4828,-1.0124,0
3.3223,-1.4893,0
-5.9806,3.124,0
6.2465,-0.12865,0
-5.3378,0.76793,0
-5.2262,0.85382,0
-5.0346,0.48993,0
6.4356,-1.3839,0
-4.8632,2.5697,0
5.9768,-1.1762,0
6.4669,-0.93915,0
-6.0502,1.66,0
-5.3132,1.5192,0
4.9281,-0.36931,0
5.1137,-0.86202,0
5.2256,-2.5725,0
5.9873,-1.9763,0
5.8125,-1.0381,0
6.1669,-1.3621,0
6.5382,-2.4845,0
5.2699,-2.9648,0
5.7561,-4.3309,0
6.0731,-3.7246,0
6.5045,-3.5433,0
-4.0516,-2.9692,0
-3.6237,-2.6476,0
-3.2432,-2.5112,0
-1.181,4.3806,0
0.57341,-3.6556,0
-2.0972,3.9689,0
-2.3864,3.5945,0
-2.0932,4.1543,0
-1.589,4.1824,0
-5.1348,1.624,0
-5.0817,1.3192,0
-5.1033,1.7594,0
-6.412,0.086349,0
-6.0875,1.8049,0
-5.9177,1.51,0
-5.3056,2.1639,0
-1.7575,4.1882,0
-0.78013,4.2376,0
-3.0026,0.83155,0
-3.4954,0.94527,0
-2.7691,0.26658,0
-3.1635,-0.55792,0
-5.892,-1.2841,0
-1.6168,2.6446,0
-1.1951,2.7914,0
-5.9494,-1.4308,0
-1.8976,2.3702,0
-1.7746,2.0471,0
-1.3616,1.2418,0
-2.0612,1.8597,0
-1.4996,3.7313,0
-5.0101,2.8392,0
-0.13467,3.4934,0
-0.67226,4.1457,0
-4.6207,1.7953,0
-5.1137,1.4711,0
-4.6166,2.0332,0
-5.8352,3.2427,0
-4.2062,0.91781,0
-3.7054,0.62988,0
-4.7033,1.3821,0
-4.4147,1.4324,0
-5.4804,3.6321,0
-5.425,4.0318,0
-2.6343,3.8878,0
-2.0828,3.5278,0
-2.5195,-2.7517,0
-0.77147,-0.76352,0
-0.81333,0.50081,0
-2.6117,-1.6146,0
-2.8925,-0.98302,0
-4.2689,1.2034,0
-3.9999,1.5424,0
-3.9236,3.8585,0
-3.1799,-3.1747,0
-3.5161,-3.1503,0
-4.9709,3.7345,0
-3.6826,-1.5039,0
-4.4162,-1.6852,0
-4.0643,0.33265,0
-3.7791,-0.18837,0
-3.3593,0.10527,0
-3.1644,-0.32785,0
-0.31095,4.7829,0
-1.0134,4.1793,0
-4.1221,0.50511,0
-4.1429,1.2743,0
-3.8487,1.0204,0
-3.9001,0.69657,0
-2.9206,1.0581,0
-3.4515,-1.9652,0
-2.9701,-2.5013,0
-2.2167,-1.9512,0
-4.0109,-2.5956,0
-4.3939,-2.8732,0
-4.706,-0.70852,0
-4.6764,-1.0644,0
-3.8117,-0.059846,0
-3.4797,-0.32446,0
-2.9792,0.44351,0
-3.2017,0.22034,0
-2.0088,-0.29633,0
-1.5901,-1.2987,0
-4.7795,-1.8634,0
-4.9095,-2.3911,0
-3.8665,-1.0825,0
-3.0248,-1.5651,0
-5.1569,0.19885,0
-5.3092,0.47337,0
-4.2963,-0.3376,0
-3.618,-1.3358,0
-4.2196,-1.5151,0
-4.8358,-0.072624,0
-4.3539,0.25837,0
-3.9449,-0.0023153,0
-2.9143,-1.778,0
-2.7684,-2.3375,0
-2.3262,-3.0866,0
-0.56872,3.6666,0
-1.0971,4.8183,0
-1.3929,3.2772,0
-1.4969,-2.807,0
-2.305,1.2022,0
-1.668,1.2484,0
-0.42246,4.0976,0
-0.45391,3.7387,0
-1.5809,-1.8131,0
-1.5814,-2.3635,0
0.48596,0.91927,0
0.53377,2.3155,0
-0.85312,0.16503,0
-1.4987,0.82454,0
0.22943,-3.6764,0
0.50488,-3.1173,0
0.075576,4.7386,0
0.29842,5.2104,0
0.55698,4.6343,0
0.72927,5.0512,0
0.47618,4.8207,0
1.4708,5.0948,0
1.9046,5.3876,0
3.1377,2.2238,0
2.6469,0.32198,0
2.6913,3.6559,0
0.85263,-2.9723,0
1.6523,-3.6013,0
2.2752,-2.2622,0
2.3966,-3.4784,0
3.6441,-3.4074,0
3.9479,-3.6891,0
5.5042,-2.3885,0
5.6681,-2.79,0
5.935,0.23032,0
6.1573,0.28154,0
5.0229,0.84955,0
5.6302,1.6508,0
-5.9167,-0.97344,0
-5.5107,-0.25174,0
-5.2059,-0.16604,0
-5.4078,3.7988,0
4.4497,2.8743,0
5.0272,3.3167,0
5.1126,-4.16,0
4.1132,-3.9584,0
4.7791,0.010577,0
5.0435,0.11741,0
5.2573,1.4507,0
5.6285,0.54082,0
4.0788,-3.8,0
4.9652,-3.6045,0
4.7721,-4.2473,0
5.4282,-3.3644,0
5.5057,-3.0671,0
5.0302,-4.0294,0
4.5034,-3.7293,0
-4.9042,3.082,0
-5.5079,2.9871,0
-4.4299,1.8156,0
6.1921,-3.5982,0
6.8399,2.2163,0
-1.607,2.1085,0
-1.736,1.5538,0
-1.0026,1.5792,0
-1.1463,0.66786,0
4.2428,2.8215,0
4.4227,2.1824,0
6.0964,2.2814,0
5.4761,1.8954,0
6.662,1.1412,0
5.7175,2.1199,0
6.2535,2.1639,0
5.1602,3.1606,0
5.9157,-4.2478,0
1.5287,-3.2304,0
2.13,-3.3666,0
-6.1733,0.013534,0
6.153,-4.3156,0
4.2022,-3.1742,0
4.6039,-3.3659,0
4.484,-1.5524,0
4.6173,-2.1363,0
5.6944,-3.5451,0
6.1859,-3.4031,0
-0.86608,-2.8709,0
-1.0212,-3.2169,0
-0.058768,5.3075,0
-0.70647,-2.8996,0
-0.56325,-3.356,0
-0.079797,-3.5201,0
-0.88157,2.8408,0
-1.0479,2.4826,0
1.1052,-4.2222,0
1.1276,-3.308,0
-1.045,-0.86065,0
-1.5585,-1.1238,0
-1.8157,-1.9792,0
-2.4051,-1.2811,0
-1.0747,-2.4108,0
-1.3191,-3.0721,0
-4.7805,3.7774,0
0.84589,-1.9807,0
0.64534,-0.42841,0
-0.28692,-2.4145,0
1.3425,-3.3174,0
-1.0818,1.7751,0
-1.6928,1.7466,0
-1.3399,1.0452,0
-1.8976,1.0501,0
6.4739,0.49797,0
6.7206,0.49692,0
1.2034,-2.4234,0
1.2892,-2.8782,0
2.5633,0.88978,0
2.8992,-0.22113,0
2.8867,4.8739,0
1.89,-3.6907,0
-5.0616,-2.4276,0
6.5075,-0.12401,0
1.3928,0.83216,0
2.0049,1.5008,0
1.1221,4.2461,0
2.7813,3.2008,0
3.7279,-2.9687,0
2.844,-1.8845,0
2.64,-3.9485,0
2.9501,4.0584,0
4.0864,3.2916,0
2.5152,4.4935,0
3.5928,3.4689,0
3.0633,2.7704,0
5.3647,-0.44427,0
5.1967,-0.67946,0
5.5272,-0.51845,0
5.9849,-0.31599,0
6.7843,-0.16596,0
6.465,-0.50231,0
-5.0149,-2.7137,0
-4.6739,-0.4055,0
-4.3691,-0.61025,0
-4.9662,0.17891,0
-4.4724,0.84247,0
6.5161,1.1367,0
6.1395,1.337,0
6.2411,0.43377,0
6.1845,-2.2021,0
-5.2558,3.7927,0
6.41,2.1026,0
5.7571,3.0427,0
-4.8975,-2.976,0
6.2247,1.2272,0
5.4017,0.81295,0
6.418,1.0322,0
-0.92287,-1.1807,0
-1.3184,-1.4725,0
-0.70456,-2.3902,0
-0.52686,-2.7869,0
1.6925,2.4193,0
1.0491,2.0151,0
2.3519,0.12496,0
1.058,0.041946,0
6.6088,0.74025,0
5.6899,1.3561,0
6.0974,1.0187,0
-5.2119,-1.1792,0
-4.7266,-1.592,0
-4.0847,-2.7651,0
-3.9948,-2.1513,0
-3.7114,-2.5122,0
-4.8637,-1.5332,0
-5.0542,-0.84044,0
-4.9522,-0.55107,0
1.9967,-4.0803,0
1.9096,-0.78602,0
1.3994,-2.2791,0
3.417,-2.4279,0
3.3832,-2.9701,0
6.0404,-0.49992,0
6.3157,-0.37548,0
-5.832,0.5434,0
-5.7734,-1.4654,0
-5.5584,0.60853,0
-5.6747,0.45284,0
-5.0186,0.32983,0
-4.9161,-0.11271,0
6.5063,-1.2198,0
-4.7269,3.6225,0
-5.3921,3.3086,0
-4.8917,2.745,0
6.2778,-0.82013,0
-5.5708,1.7249,0
5.7553,-1.6799,0
6.0144,-1.3175,0
5.9371,-0.82242,0
6.0179,-2.7878,0
6.1747,-2.8746,0
6.1505,-2.0069,0
6.5154,-2.0531,0
5.648,-1.7637,0
5.8575,-2.008,0
6.2863,-1.9408,0
6.1511,-2.5488,0
5.7986,-2.1717,0
-5.7233,1.5977,0
6.4709,-2.5657,0
4.9363,-2.3533,0
4.346,-2.3312,0
4.7456,-3.2386,0
4.6459,-3.6974,0
6.2611,-3.9747,0
-5.185,1.8611,0
-5.6662,-0.034572,0
-5.6081,0.17591,0
-1.7983,1.1916,0
-3.1225,0.76147,0
-5.663,2.8986,0
-3.7813,0.46727,0
-0.38741,3.116,0
-1.895,-0.83257,0
-1.7788,0.93771,0
-4.9578,1.2693,0
-2.1488,1.5905,0
-0.34075,5.0977,0
-0.15062,-1.4807,0
1.3543,4.9457,0
1.5358,-1.0874,0
5.5772,-1.4508,0
4.2971,-0.79489,0
3.8536,4.3742,0
4.2677,3.165,0
4.7067,-2.9449,0
-0.46457,3.3673,0
-5.6328,2.0936,0
3.8645,-0.068781,0
5.8395,-2.5038,0
-1.5882,-2.7293,0
-0.13011,-3.3448,0
-0.41459,0.15872,0
2.2634,5.1138,0
0.86509,0.96133,0
-5.0236,-1.6555,0
-0.4796,3.2227,0
6.0416,-0.048177,0
-4.4673,0.42183,0
-4.9254,3.3497,0
5.0303,2.6696,0
0.22133,-2.8216,0
2.3236,-0.85782,0
5.2199,-0.058296,0
-4.5484,-1.3887,0
6.3395,0.55871,0
4.4537,-1.9753,0
5.4463,-0.13251,0
5.4894,-1.5421,0
6.4005,-1.0702,0
5.1679,-3.6247,0
5.9905,-3.8897,0
-3.3654,-1.5747,0
-0.79745,4.8254,0
-0.24295,-3.2342,0
-5.1619,2.5918,0
-5.4252,1.6745,0
-4.8307,1.628,0
-3.5517,0.52037,0
-2.4596,-1.1263,0
-1.2524,2.2788,0
-5.1427,2.4208,0
-0.94211,-3.3608,0
-1.5904,0.29615,0
-3.2328,-1.9157,0
-4.1844,-2.4684,0
-2.4979,-0.28734,0
-2.9422,-2.7248,0
-0.23278,4.21,0
-1.5398,-1.9857,0
-3.9801,-0.53031,0
-5.1775,-1.0629,0
-3.0089,-0.22806,0
-0.88847,-0.3932,0
-2.7425,-1.3553,0
-4.5484,0.008104,0
-3.0909,-2.4041,0
-2.8385,-2.9777,0
-2.3201,1.097,0
1.6089,5.5414,0
0.36261,3.6387,0
-0.41987,2.4258,0
-1.8641,0.66629,0
-3.918,3.684,0
0.83068,5.3602,0
0.79812,4.0245,0
4.5346,1.4413,0
3.948,3.8728,0
0.8472,-2.3524,0
2.7032,-3.734,0
5.9214,0.7844,0
-5.4236,-0.76448,0
-4.992,4.046,0
5.2338,-3.8059,0
4.2615,0.76667,0
-1.0291,2.0002,0
0.34518,0.66084,0
5.0984,2.4478,0
5.5013,2.6252,0
4.6898,3.1255,0
2.4325,-3.0159,0
5.2032,-3.1654,0
5.6302,-1.8786,0
-0.098988,-3.0741,0
-0.10799,2.6185,0
-1.4364,-1.6594,0
-0.68091,-1.2609,0
-0.39071,-3.1801,0
-0.97356,1.1612,0
-2.3773,0.81735,0
2.119,-2.8222,0
4.6423,-0.23903,0
2.9674,-3.5541,0
0.8026,2.1433,0
2.7166,-3.2632,0
4.1893,2.6108,0
-5.4843,3.9487,0
-5.2203,3.3482,0
5.1943,2.9604,0
-0.25025,-2.0569,0
1.6034,1.2777,0
2.29,-0.35788,0
-4.3526,-1.0414,0
3.5127,-1.7393,0
4.3609,-2.5384,0
5.4933,-0.70247,0
6.3628,-2.2782,0
6.2013,-1.728,0
4.2586,-2.9639,0
-5.6379,1.4606,0
-2.6147,0.97509,0
-2.115,0.28102,0
-5.5116,-0.62961,0
-1.2853,3.2892,0
-4.8064,0.8769,0
-1.5079,-2.1674,0
-2.2456,-1.3722,0
-2.9183,0.30104,0
1.8917,4.0488,0
0.091544,4.5601,0
-3.0002,-1.2243,0
-2.1757,-1.5709,0
-4.6849,1.6534,0
-4.4214,0.57938,0
-5.6909,-0.51133,0
-2.1559,0.49343,0
-1.3846,-0.27972,0
-3.4685,-0.47381,0
-1.4143,2.0469,0
-1.1952,2.4135,0
1.1161,5.3018,0
-0.04517,4.4594,0
0.099883,-0.11704,0
-0.92556,-0.5839,0
0.9207,4.7236,0
-1.6129,2.3223,0
-0.047865,3.9027,0
1.3872,2.2289,0
-4.8371,-2.1378,0
-0.22962,-1.1154,0
2.4059,-1.1925,0
1.912,5.0439,0
4.3528,-1.3781,0
5.1728,-2.448,0
5.2156,-0.20112,0
4.5925,0.73818,0
2.3384,-3.6446,0
3.8502,-3.3112,0
2.1353,1.1425,0
5.2822,1.7202,0
3.8012,-2.4917,0
4.2286,-3.412,0
5.851,-3.5065,0
-5.8493,2.4434,0
-0.55539,2.0034,0
2.996,-1.2286,0
3.8707,-2.3083,0
5.5072,-2.6988,0
0.076078,-3.83,0
0.85582,-2.5911,0
0.28694,-3.1574,0
-0.88277,-2.6996,0
-1.0477,-1.6335,0
0.35062,-2.963,0
0.5538,1.4846,0
-0.41617,0.41096,0
0.33055,-0.13221,0
2.1016,-0.40748,0
1.1687,3.1903,0
2.2879,4.5955,0
-0.14186,1.4441,0
0.62532,3.0196,0
5.3599,0.0063509,0
-4.7795,-0.20364,0
5.7788,1.9511,0
0.3401,-1.7318,0
-0.063692,-2.4967,0
3.3851,-0.15173,0
1.2212,0.38294,0
6.4559,2.4098,0
5.6853,1.0268,0
-4.7414,-2.0304,0
-4.0192,-1.6145,0
4.1895,-1.2944,0
3.3479,-1.7617,0
-5.2438,0.7093,0
5.1034,-0.44138,0
5.496,-1.0534,0
6.06,-1.8353,0
5.7022,-1.1508,0
5.0347,-2.884,0
-3.5716,-2.4868,0
-3.1041,-2.8326,0
-5.4527,2.0196,0
-0.71375,4.3398,0
-3.0068,0.96534,0
-2.8714,0.14328,0
-3.3099,-1.1281,0
-1.5209,1.9495,0
-1.3839,1.6901,0
-0.29118,3.7298,0
-0.85393,4.1474,0
-4.1091,0.86114,0
-2.4601,-2.551,0
-0.64252,-0.37245,0
-0.78329,0.86717,0
-2.7251,-1.7528,0
-2.7253,-0.91761,0
-4.055,1.1862,0
-3.8186,-1.6269,0
-4.403,-1.8335,0
-3.6476,-0.2712,0
-3.2483,-0.048716,0
-2.9768,-0.42144,0
-0.8947,4.323,0
-3.9437,0.45944,0
-4.1613,1.1486,0
-3.2448,-2.1016,0
-3.196,-2.7109,0
-4.5778,-0.60457,0
-4.4802,-1.281,0
-2.1056,-0.58689,0
-1.4881,-1.3935,0
-5.3672,0.62428,0
-3.7849,-1.2843,0
-4.2575,-1.7087,0
-4.1707,0.24078,0
-3.1233,-1.7738,0
-2.6694,-2.6174,0
-1.2768,1.537,0
-0.19875,3.9946,0
-0.41224,3.564,0
-1.3867,-1.8542,0
0.82221,1.5412,0
0.26304,2.5667,0
-0.9328,0.4663,0
-1.5125,0.97711,0
0.18773,-3.5196,0
0.76811,4.5972,0
3.4512,1.9464,0
2.6913,0.010359,0
2.3961,3.4539,0
1.0007,-2.9789,0
2.1909,-2.5701,0
2.546,-3.5778,0
5.4083,-2.5457,0
6.3159,0.30096,0
5.2342,1.1469,0
5.9047,1.8481,0
-5.1887,0.020754,0
-5.3027,3.6539,0
4.6223,0.062056,0
5.1074,0.25821,0
5.3084,1.3008,0
4.8403,-3.552,0
4.8728,-3.9618,0
6.2229,-3.7362,0
-1.6563,1.9207,0
-0.94242,1.3948,0
-1.3361,0.39369,0
4.338,1.7163,0
5.9072,2.3435,0
5.452,1.7079,0
1.52,-2.9815,0
2.4348,-3.18,0
4.406,-3.2696,0
4.5963,-1.6782,0
4.8209,-2.4362,0
-0.78438,-3.0145,0
-0.69554,2.9336,0
-0.92324,2.337,0
1.2968,-3.1163,0
-1.0634,-1.0595,0
-1.7291,-1.1971,0
-1.9787,-1.9098,0
-2.5883,-1.2556,0
-1.1221,-2.2365,0
-4.86,3.6315,0
0.47489,-1.5741,0
0.50746,-0.065514,0
-1.5114,1.1512,0
1.5503,-2.5158,0
1.6395,-3.1177,0
2.9318,0.50385,0
3.2551,-0.40953,0
1.2348,1.1622,0
1.6874,1.3862,0
0.98464,3.8149,0
3.1546,3.155,0
3.4062,-2.8057,0
2.6629,-1.5436,0
2.8608,3.3407,0
4.2745,3.3842,0
3.6122,3.2186,0
3.383,2.3659,0
5.3045,-1.029,0
6.1482,-0.3508,0
-4.27,-0.48085,0
6.1034,1.1751,0
5.0701,0.71902,0
1.6774,2.1883,0
1.1212,1.6762,0
2.1007,-0.11874,0
1.0001,-0.10946,0
5.8334,1.2793,0
-4.665,-1.7281,0
-3.9167,-2.7904,0
-3.8755,-2.3018,0
1.8906,-1.2836,0
1.3689,-2.5196,0
3.4315,-3.1126,0
-5.0257,2.6737,0
6.4093,-0.79293,0
-5.5725,1.872,0
5.744,-1.511,0
6.3449,-2.0831,0
6.21,-1.5419,0
6.0549,-2.4465,0
4.6553,-2.3473,0
4.218,-2.6239,0
-1.0544,3.894,0
-5.7709,2.0167,0
-2.2099,1.298,0
-2.1136,0.86473,0
-5.0883,-0.53533,0
-2.7862,0.64314,0
-5.3006,-2.5658,0
-3.5636,0.16008,0
0.75211,2.7278,0
0.099435,3.3373,0
-2.188,-0.1311,0
-2.4149,-0.79829,0
-2.0673,0.99618,0
-5.1997,-0.74365,0
-4.7109,-0.86402,0
-3.1652,0.071747,0
-3.6611,-0.10258,0
-1.9345,1.8279,0
-0.49867,4.801,0
-0.41356,-2.3562,0
0.51578,-2.031,0
1.0205,5.4596,0
1.0525,5.1391,0
0.95161,4.5229,0
-4.8025,-2.2811,0
1.6188,0.27473,0
1.0297,-0.30435,0
5.5954,-0.85833,0
4.9551,-1.6354,0
5.1755,-1.1567,0
4.9807,-0.56529,0
6.3136,0.72374,0
-3.7966,1.2259,0
2.9285,-3.0162,0
3.6018,3.8274,0
3.2568,-3.4087,0
3.7788,3.7441,0
3.5351,2.7124,0
4.835,-2.6316,0
4.5066,-2.6435,0
4.6939,3.3455,0
5.5245,0.98422,0
0.37122,-3.528,0
-5.4805,2.4138,0
6.2233,-2.4041,0
4.7192,0.4338,0
4.2221,1.3358,0
5.916,-2.3441,0
5.2394,-2.3386,0
0.74287,-2.8946,0
0.049843,0.12214,0
-0.34598,0.59477,0
0.1122,0.53249,0
0.74369,0.11899,0
1.5921,4.6893,0
-5.3335,-1.5307,0
-5.2545,-1.8408,0
-0.52503,2.928,0
6.2431,0.14465,0
5.7881,0.27203,0
-4.8048,0.15684,0
3.4655,4.5759,0
-5.0056,2.9979,0
4.0537,1.8657,0
5.1936,2.1364,0
0.18574,-2.473,0
3.3402,-0.65069,0
2.4771,-0.39955,0
-4.8334,-1.6976,0
5.965,0.57259,0
6.0338,0.2895,0
1.6457,-3.3916,0
4.6493,-1.5425,0
4.3015,-1.7396,0
5.8738,-0.73012,0
-4.8687,1.511,0
5.131,-1.4983,0
5.1742,-1.9746,0
6.0619,-1.0326,0
-3.8597,-1.9501,0
-3.5366,-2.3209,0
-4.9173,2.1861,0
-5.0303,1.9073,0
-5.3121,1.893,0
-5.7472,1.8241,0
-3.2755,0.49374,0
-3.365,0.69382,0
-1.9091,-1.0947,0
-2.5913,-0.76034,0
-1.612,2.4965,0
-4.875,3.2049,0
-1.2105,-3.236,0
-4.2734,1.3551,0
-2.1143,-0.76976,0
-1.3144,-0.69456,0
-2.9097,-2.1136,0
-3.781,-2.1495,0
-3.6261,0.35027,0
-2.3099,0.18938,0
-2.9288,-0.11518,0
-3.4202,-2.6219,0
-0.30223,4.5832,0
-4.227,0.7872,0
-3.332,0.9298,0
-3.5972,0.8083,0
-2.8891,-1.9583,0
-1.8316,-1.5338,0
-2.1027,-1.7449,0
-4.1765,-0.38261,0
-4.5255,-0.93337,0
-3.3955,-0.065812,0
-5.3483,-0.5168,0
-2.6227,-0.36569,0
-2.8202,-0.031972,0
-1.2458,-0.36607,0
-1.2092,-0.95613,0
-4.2904,-2.0977,0
-4.6065,-2.3028,0
-2.9038,-0.82618,0
-3.1861,-1.4661,0
-3.8099,-0.30171,0
-3.4601,-1.7392,0
-2.3861,-2.9024,0
-2.813,-2.4701,0
-2.0688,1.2582,0
0.42938,4.4459,0
-0.025247,3.7925,0
-0.66596,-1.8698,0
-1.2004,-2.351,0
-0.79486,1.6394,0
-0.052786,2.0545,0
-1.9386,-0.064637,0
-1.683,0.64892,0
1.4061,4.5944,0
1.2505,4.7578,0
3.8351,1.7941,0
3.6888,1.2164,0
3.5909,4.0804,0
1.0158,-2.6797,0
1.2093,-2.6498,0
3.0243,-3.4211,0
2.5425,-3.3431,0
5.1444,1.8036,0
-5.5699,0.060443,0
4.1089,3.5174,0
4.7119,-3.5449,0
2.9705,0.97023,0
3.6397,0.33993,0
5.6343,1.1952,0
4.5804,-3.8415,0
-1.2638,1.7991,0
-0.30341,1.6384,0
-0.45092,1.0238,0
4.7251,2.7627,0
4.5299,2.504,0
4.8718,3.4434,0
1.9475,-2.0395,0
1.8411,-2.7343,0
5.1386,-1.6775,0
-0.074002,-2.7134,0
-0.37693,-2.9691,0
-0.27807,2.9823,0
-0.64422,2.4684,0
0.90737,-3.3984,0
-1.198,-1.9219,0
-1.0884,-1.5074,0
-1.0437,-2.8749,0
-0.81837,-1.763,0
0.62607,-1.0937,0
-0.77543,1.4425,0
-1.1172,1.4666,0
-2.0014,0.14752,0
2.7268,-2.9673,0
3.1778,-2.3391,0
4.6356,0.25177,0
3.9121,0.47507,0
0.2495,1.3456,0
1.3981,1.6811,0
2.2318,4.3831,0
2.3948,4.0957,0
3.2749,-3.0563,0
4.0683,3.0136,0
3.7805,3.0118,0
5.8598,-0.46026,0
5.5932,-0.14195,0
6.1717,-0.76789,0
-4.3796,0.047482,0
5.9119,-1.8873,0
-4.9914,3.5441,0
6.189,2.429,0
6.2299,1.1046,0
0.016807,-1.6048,0
-0.7125,-1.4802,0
2.3029,1.9379,0
1.2377,1.7783,0
2.2826,-0.12245,0
1.9669,-0.24856,0
6.1777,0.76291,0
-4.8248,-1.2192,0
5.8556,2.7309,0
-5.4578,-1.3527,0
-5.1444,-1.3288,0
2.7923,-1.0258,0
2.6082,-1.9123,0
4.1205,-1.8696,0
3.9043,-2.6292,0
-5.5498,0.30165,0
5.5498,-1.249,0
5.9075,-1.7512,0
-1.0621,4.3279,0
-6.0331,0.26822,0
-2.6244,0.29825,0
-2.3659,0.50043,0
-0.72876,3.1246,0
-1.0904,-2.6643,0
-3.2392,0.36849,0
1.1761,2.463,0
2.2808,3.1009,0
0.53181,4.2193,0
-3.5545,-0.59798,0
-3.9728,-0.79461,0
-2.4993,-1.3846,0
-2.4583,-1.6778,0
-3.3642,-2.8296,0
-4.9519,1.7425,0
-4.4211,1.609,0
-2.2183,0.79609,0
-2.4927,0.66098,0
-1.1112,0.0577,0
-1.7735,0.26777,0
-5.0464,-1.153,0
-4.1967,-0.62904,0
-4.1055,-1.4326,0
-1.8161,1.3581,0
-0.87831,2.0574,0
-2.3446,-2.7002,0
0.34092,4.8964,0
0.57326,0.078387,0
0.25611,0.5298,0
-0.16724,0.14766,0
-0.73359,0.31724,0
0.17337,4.072,0
-0.069404,4.2985,0
1.882,3.7213,0
0.22135,3.2199,0
-0.28332,-0.18883,0
-0.55827,-0.9784,0
1.2798,-1.3229,0
1.5963,-2.1174,0
1.7869,4.5672,0
4.2344,-0.07881,0
3.5549,-1.1732,0
5.4344,-1.9333,0
4.7837,-2.085,0
5.3497,-0.25975,0
4.9802,0.22984,0
5.4614,0.52298,0
1.9406,2.7915,0
1.5489,1.9411,0
4.7825,2.0428,0
4.9741,0.99295,0
4.1393,-2.039,0
3.5211,-2.1791,0
4.1186,-2.7524,0
5.6595,-3.8227,0
6.1687,-3.8647,0
-5.6856,2.5978,0
5.6665,-2.9878,0
4.4759,3.089,0
4.572,2.7724,0
-0.26671,2.3514,0
-0.86557,2.4708,0
2.3853,-0.69312,0
2.5907,-1.4184,0
3.9935,-1.3032,0
3.6126,-2.0136,0
4.9775,-2.7186,0
5.057,-3.0762,0
0.98347,-2.1576,0
0.41907,-2.4704,0
0.50156,-2.6728,0
-1.0248,2.7664,0
-0.70244,-2.209,0
1.1655,0.95622,0
0.99534,1.4274,0
-0.2862,1.0108,0
-0.99786,0.79375,0
-0.5015,-0.18932,0
-0.14762,-0.73322,0
1.7831,0.022874,0
1.3468,-0.79985,0
0.49101,3.8565,0
0.39184,3.258,0
1.5684,4.2508,0
2.2564,4.1049,0
-0.56398,1.7146,0
-0.51175,1.2347,0
-0.12286,2.9126,0
0.24954,2.2358,0
2.1356,4.5734,0
2.7646,4.4065,0
2.7264,4.0463,0
3.253,4.2946,0
5.2457,0.29437,0
1.3058,-1.6381,0
0.76048,-0.83162,0
0.17836,-2.1044,0
-0.022152,-2.0895,0
3.4664,-0.95152,0
3.9859,-0.76938,0
1.989,0.18889,0
1.571,1.0102,0
6.0551,2.4722,0
5.9997,3.2539,0
-4.4194,-2.0183,0
-4.1545,-2.0771,0
-5.4107,-0.90099,0
6.3518,-0.0087556,0
4.6756,-1.1045,0
4.5101,-0.68122,0
3.7186,-1.6832,0
3.217,-1.2815,0
-5.1192,0.73672,0
-5.3879,0.88441,0
5.9269,-0.94815,0
5.89,-1.4141,0
6.3312,-0.93362,0
-5.9533,1.8099,0
4.959,-0.035882,0
4.7886,-0.53961,0
5.0652,-0.71935,0
4.8501,-0.9626,0
5.3614,-3.1873,0
-3.2459,-2.3052,0
-4.8213,1.4287,0
-5.2032,2.0194,0
-2.4989,0.19789,0
-1.0822,2.6545,0
-1.6437,0.89338,0
-1.1888,1.1816,0
-2.0156,1.7113,0
-5.149,2.9444,0
-0.21291,3.1851,0
0.206,3.6592,0
-3.7781,0.82998,0
-0.9133,-0.75278,0
-1.1195,0.34034,0
-0.61374,0.45944,0
-3.1945,-0.93882,0
-4.9249,3.8913,0
-3.6702,-1.7658,0
-3.7008,-1.0613,0
-4.3661,-1.578,0
-3.6872,0.052377,0
-4.2024,0.35774,0
-3.5955,-2.1694,0
-2.913,-2.3184,0
-4.019,-2.375,0
-4.5933,-0.77473,0
-3.8407,0.1022,0
-3.506,-0.16482,0
-2.7842,0.4577,0
-1.7289,-0.24061,0
-2.4762,-0.15893,0
-1.3781,-1.0058,0
-1.8855,-1.3086,0
-3.6776,-0.72822,0
-4.1738,-1.1435,0
-4.1707,-0.21776,0
-3.4978,-1.4358,0
-3.4813,-1.2464,0
-3.971,-1.3809,0
-0.24582,3.569,0
-1.5775,-2.8999,0
-2.3501,1.315,0
-1.9305,1.225,0
-0.37003,3.8803,0
-1.628,-1.6333,0
-1.6834,-1.9414,0
-1.3297,-2.2789,0
0.17406,0.89088,0
0.82493,0.64933,0
0.60899,1.9087,0
0.95576,2.4887,0
-0.9711,-0.17848,0
-0.65352,0.14635,0
-1.6188,0.76693,0
-1.3267,0.73792,0
0.39777,-3.713,0
0.43621,-3.3181,0
0.70371,-3.0521,0
3.3453,2.5385,0
2.1545,2.5144,0
3.4515,0.98978,0
1.791,0.55806,0
2.8509,3.6266,0
2.5816,3.8621,0
0.89303,-2.8132,0
1.7621,-3.2338,0
3.0332,-2.6189,0
2.1061,-1.6109,0
2.3019,-3.3132,0
2.2242,-3.497,0
5.5358,-2.2436,0
5.3828,-2.2307,0
5.8622,0.11004,0
4.8032,0.86603,0
5.1426,0.45693,0
4.9974,3.1611,0
4.2416,-3.8218,0
4.441,-0.038306,0
4.9745,-0.19759,0
4.8919,0.12706,0
5.1077,0.003519,0
4.7773,1.2989,0
5.7749,0.79232,0
5.5206,0.38223,0
5.0518,-3.8833,0
5.0991,-3.4517,0
5.6518,-3.1354,0
4.7494,-3.8208,0
-1.5174,1.319,0
-1.8587,1.7046,0
-0.65596,0.6603,0
-1.1776,0.81179,0
3.9466,2.6033,0
4.6817,2.4762,0
4.3541,2.415,0
6.0912,2.0653,0
6.2821,2.3378,0
5.7756,1.7447,0
5.3317,2.2675,0
5.5914,2.0141,0
5.9031,2.1412,0
1.0993,-3.1083,0
1.4746,-3.4459,0
1.9674,-3.3126,0
4.1527,-2.8727,0
4.0559,-3.3032,0
4.6899,-1.2805,0
4.2826,-1.6029,0
4.4129,-2.1573,0
-0.90786,2.639,0
1.0691,-3.5378,0
-1.1944,-0.81225,0
-1.3859,-1.2436,0
-1.5214,-0.67433,0
-1.9195,-2.1165,0
-2.2805,-1.1655,0
-1.248,-2.479,0
0.56833,-2.2367,0
1.1166,-1.8394,0
0.36004,-0.75772,0
1.1634,-0.70293,0
-0.14866,-2.265,0
-1.6465,1.4113,0
-1.537,1.7984,0
-1.3927,0.89565,0
1.168,-2.2557,0
2.8982,1.4262,0
2.268,0.83191,0
3.057,0.032927,0
2.5879,-0.27131,0
3.1208,4.7925,0
1.2067,0.5885,0
1.6417,0.70203,0
2.8716,1.076,0
1.8039,1.8233,0
1.3516,4.343,0
1.1261,4.4437,0
2.6915,3.3211,0
2.5224,2.7174,0
3.8267,-3.1109,0
4.0889,-2.996,0
2.7245,-2.4078,0
3.2061,-1.851,0
3.1754,4.0968,0
2.8167,4.2082,0
3.9276,3.4343,0
3.7517,3.3823,0
3.0924,3.8689,0
3.2226,2.938,0
2.5546,2.8896,0
5.2205,-0.48071,0
-4.2842,-0.77073,0
-5.0527,0.069727,0
5.941,1.1023,0
5.6512,0.72754,0
5.3253,0.98664,0
-1.1327,-1.2738,0
-0.59249,-2.084,0
2.0482,2.1891,0
1.3077,2.7685,0
1.3128,2.0951,0
0.97282,2.1443,0
2.5183,-0.07364,0
2.5123,0.72606,0
1.5822,-0.20583,0
0.89308,0.48142,0
-5.0832,-0.98692,0
-4.8814,-1.3881,0
-4.1991,-2.6492,0
2.0631,-0.59379,0
1.59,-0.42079,0
1.7072,-2.3344,0
3.2241,-2.0388,0
3.338,-2.629,0
3.6291,-2.7622,0
3.1311,-2.9565,0
5.8922,-1.2797,0
5.6435,-2.1699,0
5.0536,-2.0179,0
4.2691,-2.1729,0
-2.1297,-0.98535,0
-0.074916,-1.3238,0
1.136,-1.2707,0
4.2676,-0.3611,0
-0.27308,3.4022,0
3.4462,0.015117,0
5.2127,0.11846,0
-3.2029,-1.6272,0
-4.9836,1.5834,0
-1.2261,-0.018467,0
-2.4643,-0.42355,0
-0.362,4.3003,0
-1.0324,-0.50054,0
0.47193,3.557,0
-0.2905,2.552,0
-0.010987,-3.0046,0
0.71974,4.1348,0
4.8468,1.1121,0
5.3584,-3.9492,0
4.3858,0.63127,0
-0.80387,2.1892,0
-0.057527,0.28825,0
-0.0064374,2.254,0
1.6207,-2.6533,0
4.5484,-0.50895,0
0.88537,2.2995,0
3.9623,2.2163,0
-0.34426,-2.2471,0
2.3819,-0.51251,0
-4.224,-1.3391,0
-5.3421,-0.042477,0
-5.4497,2.2184,0
2.0668,4.0245,0
-3.168,-1.2714,0
-1.4035,-0.48405,0
-4.0442,-0.64996,0
-3.3802,-0.60093,0
-1.0919,-0.35605,0
1.1391,2.1345,0
-0.241,-1.2851,0
2.4419,-1.3661,0
5.0869,-0.28212,0
4.4319,0.85941,0
1.9321,1.3341,0
3.7628,-2.648,0
-0.74267,1.7266,0
3.1868,-1.4329,0
-0.9188,-1.3732,0
0.59894,1.7417,0
0.53682,-0.25351,0
1.184,2.9547,0
-0.11534,1.0106,0
0.97804,3.0507,0
0.23215,-1.5464,0
3.1321,0.28982,0
1.0682,0.4428,0
3.893,-1.1429,0
3.0112,-1.7711,0
-2.996,0.013005,0
-3.5128,-1.0401,0
-0.29134,-0.38589,0
-0.5595,0.8591,0
-2.4933,-1.023,0
-4.589,-1.8997,0
-2.9428,-0.63247,0
-2.2729,-0.68175,0
-4.0265,-0.97344,0
-0.46667,4.6335,0
-1.2343,1.3558,0
-1.2044,-2.1066,0
1.106,1.5457,0
0.14754,2.676,0
0.98706,4.3612,0
3.7156,1.6211,0
2.1885,3.4347,0
5.3187,0.6181,0
4.4149,-3.8456,0
4.1866,1.5459,0
-5.1137,-1.8607,0
1.7421,-3.0165,0
4.6631,-2.5398,0
-0.54636,2.7889,0
-1.9409,-1.7149,0
-1.0087,-2.0421,0
0.6037,-1.3555,0
-1.3902,1.4146,0
1.6991,-2.7978,0
2.7606,0.16519,0
3.1233,-0.67085,0
0.79043,3.833,0
3.3703,3.0902,0
3.4851,-2.6363,0
2.7101,-1.3975,0
2.5911,3.4779,0
3.5706,2.9646,0
3.2974,2.1999,0
5.0178,-0.94852,0
-5.0459,-0.41608,0
1.891,-1.6377,0
5.6807,-2.0171,0
4.0539,-2.6144,0
-2.3172,-0.27835,0
-4.253,0.62862,0
0.56582,-1.9102,0
0.83301,4.3933,0
1.3257,0.23864,0
0.84368,-0.49891,0
5.4097,-0.87112,0
5.0538,-1.8426,0
4.5742,-0.3379,0
2.7698,-3.1235,0
3.7776,3.5568,0
3.6361,3.6438,0
3.5291,2.4655,0
4.3631,-2.6951,0
4.5809,0.54411,0
4.334,1.5743,0
0.27117,0.19086,0
1.1188,0.23899,0
-0.39844,2.8622,0
4.0122,1.6795,0
5.2153,1.971,0
2.8632,-0.81033,0
5.2754,-0.58524,0
5.3262,-2.0324,0
-2.7593,-0.4964,0
-2.0027,-0.7006,0
-1.1945,-0.51418,0
-2.4497,0.020378,0
-4.4184,-2.2224,0
-3.2754,-0.76887,0
-3.5391,-1.5988,0
0.060695,4.1973,0
0.047112,3.5229,0
-0.78825,-2.0626,0
-0.41666,1.6102,0
-0.13679,2.2531,0
-1.7053,0.15296,0
1.0716,4.8099,0
3.9683,1.0805,0
3.2108,0.57915,0
3.9942,0.34975,0
-1.2299,1.6834,0
-0.29509,1.5203,0
-0.3123,0.73369,0
4.8703,2.6937,0
4.6189,2.1803,0
2.0826,-2.245,0
-0.22928,2.7756,0
-0.5549,2.3796,0
-0.47873,-1.7342,0
0.77306,-1.259,0
-0.84807,1.5539,0
2.5678,-2.9366,0
3.7617,0.54022,0
0.36129,1.2473,0
1.6675,1.5348,0
3.2806,-2.9105,0
-0.15104,-1.6574,0
2.9057,2.5395,0
1.0434,1.8309,0
2.8069,-1.1681,0
2.5206,-2.4302,0
3.936,-2.0994,0
3.9195,-2.9865,0
1.4953,2.4754,0
2.0571,3.6427,0
-1.4234,0.19436,0
-0.72467,2.0335,0
1.6346,3.8399,0
0.006788,3.155,0
-0.30847,-0.69655,0
-0.40283,-1.1432,0
1.478,-1.2651,0
3.9779,-0.56493,0
3.5545,-1.5939,0
4.9981,0.34213,0
1.8467,2.2106,0
1.5225,1.5889,0
4.9163,1.8254,0
3.9846,-1.9188,0
3.8494,-2.7952,0
2.5012,-0.89145,0
2.8096,-1.4915,0
3.469,-1.4499,0
0.98039,1.6317,0
-0.43068,-0.33835,0
0.017224,-1.0871,0
1.3379,-0.98125,0
0.49143,3.7015,0
0.3412,3.1127,0
1.7937,4.2933,0
-0.55234,1.552,0
-0.34859,1.145,0
0.14141,2.0456,0
1.9917,4.4529,0
1.1227,-1.4994,0
0.60874,-0.67507,0
3.4776,-0.70338,0
4.3587,-0.63201,0
1.8141,0.32575,0
1.4647,1.1474,0
4.5107,-1.2222,0
4.3587,-0.47445,0
3.7499,-1.2763,0
3.063,-1.3158,0
5.9247,-1.0741,0
4.8051,-0.18787,0
4.6609,-0.6881,0
4.8457,-1.1801,0
-4.951,1.4121,0
-0.076306,3.3521,0
-1.0318,0.18525,0
-0.50018,0.57207,0
-3.1135,-1.1001,0
-3.6422,-0.89985,0
-1.8911,-0.18213,0
-2.6035,-0.23115,0
-3.8218,-0.88642,0
-4.3538,-1.2269,0
0.32758,0.82099,0
0.92667,0.78858,0
0.606,2.1159,0
1.0819,2.6112,0
-0.97245,0.021222,0
3.1526,2.5936,0
2.0103,2.6166,0
3.518,1.2168,0
2.8397,3.8271,0
2.3898,3.963,0
2.9428,-2.2702,0
1.7838,-1.4689,0
4.6354,-0.10101,0
4.6951,1.1752,0
5.6663,0.88039,0
-1.4285,1.5457,0
-1.2735,0.89537,0
3.8626,2.3798,0
4.5597,2.3492,0
4.5663,-1.4003,0
4.508,-2.2819,0
1.2753,-3.495,0
-1.7204,-0.6534,0
0.78314,-2.1492,0
1.1908,-1.698,0
0.64367,-0.89553,0
1.3098,-0.60817,0
2.3939,1.6358,0
2.1004,0.54721,0
3.0627,-0.12292,0
2.6337,-0.44209,0
1.2781,0.80351,0
1.8089,0.73364,0
2.7234,1.3498,0
1.6048,1.7564,0
2.3428,2.395,0
3.0482,-2.4534,0
3.212,-1.6347,0
5.1312,0.99158,0
1.9648,2.4182,0
1.1155,2.7594,0
1.1943,1.957,0
0.90144,1.9815,0
2.4184,0.81367,0
1.6403,-0.019108,0
0.71262,0.50843,0
2.0176,-0.72629,0
1.3934,-0.31201,0
3.3186,-2.1873,0
4.1112,-2.2984,0
-1.5554,-0.9596,0
-1.9632,-0.43961,0
-0.51855,-1.5006,0
-0.03714,-1.7735,0
1.6809,-1.1714,0
1.7564,-0.53569,0
5.3766,-1.4406,0
4.137,-1.0431,0
4.5499,-0.82742,0
4.7655,-3.0969,0
-0.60184,3.4947,0
3.8738,-0.35165,0
4.2802,0.090296,0
-0.40788,-0.048101,0
0.94514,1.2595,0
0.48883,0.71302,0
-5.0106,-1.4544,0
2.2202,-1.1334,0
2.5027,-1.0652,0
4.6816,-1.8865,0
5.4177,-1.6382,0
5.3327,-3.6557,0
-5.2918,2.6382,0
-1.0903,2.3042,0
-1.5529,0.5062,0
-1.9192,0.28429,0
-3.0859,-2.5696,0
-0.81346,-0.64275,0
-0.77788,-0.039201,0
-2.8046,-1.1587,0
0.6131,3.7959,0
-0.54166,2.5743,0
-0.42065,2.2731,0
-1.9755,0.54486,0
0.86436,3.4588,0
0.89615,4.1829,0
4.5333,1.7547,0
4.1187,1.067,0
3.757,3.9313,0
5.8221,0.94588,0
5.0688,-3.7374,0
4.55,1.1373,0
3.9409,0.6464,0
0.5719,0.57308,0
-0.047207,1.1815,0
5.5888,2.4643,0
2.4274,-2.6166,0
-0.012057,2.979,0
2.1098,-3.0059,0
2.4367,-2.8304,0
0.46955,1.9962,0
4.0657,2.7779,0
-0.089707,-1.9337,0
1.9549,1.1572,0
1.4808,1.327,0
-4.3696,-0.88967,0
4.003,-1.4857,0
4.234,-2.4586,0
5.246,-0.88227,0
-5.7655,1.4331,0
-2.3962,-1.4235,0
-2.0384,-1.4343,0
1.4648,4.1331,0
0.23705,4.4614,0
-3.0276,-0.95089,0
-3.6001,-0.43724,0
0.35293,-0.31673,0
0.22721,0.017212,0
-0.65595,-0.6323,0
1.094,4.635,0
-1.4945,2.4166,0
1.7568,2.8037,0
0.29583,-0.90819,0
2.6221,-1.0164,0
2.0278,-0.87211,0
1.9904,4.8556,0
4.2938,-0.95909,0
5.0824,-2.3312,0
4.4835,0.30439,0
4.9401,0.69092,0
1.927,0.83289,0
2.6985,1.1166,0
5.1824,1.6082,0
3.9768,-2.4736,0
-0.42278,2.0959,0
3.2632,-0.79204,0
2.8683,-1.3089,0
3.7297,-2.1452,0
5.3438,-2.7316,0
0.15739,1.4709,0
0.65133,1.1767,0
-0.24379,0.49159,0
0.212,-0.26668,0
1.92,-0.45853,0
1.6291,3.3388,0
0.78323,3.1231,0
1.9754,4.6763,0
-0.04366,1.8293,0
0.51263,3.4087,0
0.44052,2.7107,0
5.6186,1.8308,0
0.26582,-1.9786,0
0.63164,-1.6709,0
2.9133,-0.40012,0
3.5657,-0.14281,0
1.4532,-0.17282,0
1.4318,0.67105,0
5.4996,0.67252,0
5.6685,-1.0159,0
5.1884,-0.77158,0
4.8829,-3.0006,0
-3.1504,0.91969,0
-2.6661,0.11665,0
-1.6178,1.5138,0
-0.10535,3.661,0
-0.79921,4.005,0
-0.65716,-0.17146,0
-0.81777,1.0546,0
-0.84433,0.68549,0
-2.6388,-0.61824,0
-3.0364,-0.10886,0
-3.98,0.58666,0
-4.5027,-1.1332,0
-1.9095,-0.6082,0
-2.1382,-0.39092,0
-1.6271,-1.4595,0
-4.1083,-1.8044,0
0.54683,1.3129,0
0.060098,2.5739,0
0.61551,2.6368,0
-1.2702,0.57509,0
-0.9313,0.34763,0
3.5352,2.2343,0
3.1545,1.9054,0
2.881,-0.014571,0
2.5769,0.14076,0
2.3589,2.9917,0
2.2733,-2.9211,0
2.1705,-2.3882,0
5.3638,-2.3955,0
5.0664,1.4687,0
4.8072,-3.6655,0
-0.62217,1.4144,0
-1.5691,0.085943,0
-1.1474,0.50148,0
4.8317,1.6697,0
4.26,2.2681,0
2.2769,-3.1063,0
4.3832,-3.0776,0
4.7577,-1.6746,0
4.7939,-2.2549,0
-0.73201,2.3697,0
1.1537,-2.9832,0
-1.7126,-1.0061,0
-2.6202,-1.4486,0
0.51762,-1.7698,0
1.7806,-2.146,0
1.9207,-2.8804,0
3.5025,0.79445,0
2.6605,0.70248,0
3.4438,-0.39559,0
3.217,-0.21897,0
1.4788,1.0026,0
1.8084,1.0896,0
1.8163,1.6309,0
1.5122,3.6939,0
1.0712,4.0753,0
3.4549,3.6521,0
2.9923,2.9771,0
3.5375,-2.9643,0
2.2938,-1.6358,0
2.7848,-1.6851,0
2.94,3.1787,0
3.3248,3.3876,0
3.7231,2.5357,0
5.2059,0.79902,0
1.3912,1.4662,0
2.135,0.053642,0
1.2234,-0.2412,0
0.88338,-0.0014741,0
2.2557,-1.2988,0
1.672,-0.96615,0
-5.1951,-0.45014,0
0.41991,2.931,0
0.71444,2.2909,0
-2.0389,-0.15263,0
-2.2515,0.0178,0
-2.2591,-0.84506,0
-2.4658,-0.61017,0
-5.2272,-0.91972,0
-0.52458,-2.2746,0
0.24987,-1.8564,0
1.8461,0.12855,0
1.4877,0.31099,0
5.215,-1.3186,0
4.8079,-1.5175,0
4.956,-1.4597,0
3.1153,-3.1902,0
2.8335,-2.8436,0
3.7041,2.842,0
3.285,2.7344,0
5.5488,0.81585,0
4.8412,0.28792,0
3.8806,1.2987,0
4.4076,1.0598,0
5.2825,-2.46,0
0.35196,0.36976,0
0.17369,0.69738,0
-0.062532,0.4686,0
0.4599,0.22094,0
4.2246,1.8695,0
3.6354,1.9858,0
5.1717,2.3064,0
5.0398,2.0045,0
3.3813,-0.5485,0
4.7134,-1.4209,0
4.102,-1.6105,0
5.0237,-1.294,0
4.8993,-1.9654,0
-3.1308,0.48195,0
-2.7663,-2.0258,0
-2.4381,0.33489,0
-3.5253,-2.7766,0
-5.2033,-0.59887,0
-5.3311,-0.32835,0
-3.056,-1.3782,0
0.63695,4.4278,0
-0.15131,3.8209,0
-0.44598,-1.9407,0
-0.33704,-1.4437,0
-0.88711,1.691,0
-0.1756,1.8621,0
0.23816,2.1216,0
-1.8714,-0.31982,0
-1.5155,0.6758,0
3.9043,2.0219,0
3.5143,1.6413,0
3.2315,0.99937,0
5.327,1.8627,0
2.6638,1.8229,0
2.799,0.89167,0
3.5055,0.17912,0
-0.012204,1.5249,0
-0.42852,1.9481,0
-0.64796,1.0516,0
4.6154,2.6349,0
2.3377,-1.933,0
1.7292,-2.0087,0
1.9941,-2.679,0
5.2911,-1.8142,0
-0.42932,2.995,0
-0.73437,2.5419,0
-0.87978,-1.5769,0
0.087518,-0.60174,0
0.37493,-1.3777,0
-2.0704,-0.0049189,0
-1.7665,-0.025031,0
2.9958,-2.8151,0
2.7323,-2.2303,0
3.2034,-2.5376,0
4.5704,0.3942,0
3.8467,0.2368,0
4.1555,0.60901,0
0.24627,1.6142,0
-0.14044,1.2902,0
1.4009,1.8976,0
1.242,1.5896,0
2.4916,3.6428,0
0.14789,-1.7394,0
0.05292,-1.4219,0
2.138,2.0251,0
2.4529,1.1148,0
-5.1719,-1.5121,0
3.1322,-0.94057,0
2.5803,-0.71763,0
2.4649,-1.556,0
4.2782,-1.8821,0
-2.5623,0.47516,0
2.0446,2.9399,0
2.5044,3.2953,0
0.3641,4.009,0
-1.9264,0.04155,0
-3.9897,-1.1939,0
-0.97864,2.171,0
0.62162,0.22663,0
0.13201,0.35713,0
0.26803,4.2532,0
-0.085014,4.1453,0
2.0629,3.1926,0
-0.071298,-0.20191,0
-0.27446,0.0057819,0
-0.66205,-0.82069,0
1.2632,-1.1287,0
0.92389,-1.795,0
1.5582,-1.9228,0
4.1613,0.34938,0
3.8317,-0.85643,0
3.3446,-1.1693,0
5.5544,-1.9432,0
5.1539,0.63969,0
2.2085,2.9784,0
1.5641,2.6918,0
4.751,2.294,0
4.4094,1.9414,0
2.5212,-0.55853,0
4.1297,-1.1851,0
3.6063,-1.863,0
1.0449,-2.3424,0
-0.85798,-1.909,0
1.0176,0.91513,0
1.2014,1.3968,0
0.0052545,0.63543,0
-0.99139,0.57938,0
-0.13185,-0.35347,0
-0.2949,-0.91741,0
1.2482,0.061998,0
0.61342,3.9817,0
0.33701,3.7878,0
0.63206,3.1706,0
1.3006,3.8144,0
-0.6634,1.8709,0
0.33747,2.358,0
0.1341,2.3747,0
2.5227,4.0723,0
1.42,-2.0411,0
1.3835,-1.4818,0
0.76027,-0.96627,0
1.0246,-0.7697,0
0.37221,-2.0903,0
3.729,-1.0264,0
3.6519,-0.65157,0
2.3284,0.34982,0
5.0117,-1.0907,0
4.6537,-0.94839,0
4.7117,-0.36485,0
4.9802,-0.84688,0
-3.0836,-0.77974,0
-3.3554,-0.93526,0
-3.6242,-1.1928,0
-1.5707,-0.3516,0
-1.4512,-0.83675,0
-4.2222,-0.93479,0
0.30647,1.0333,0
-0.005519,0.82796,0
0.61331,0.82648,0
0.3634,1.6619,0
0.78639,2.573,0
2.627,2.1904,0
2.178,2.7549,0
3.0738,0.66911,0
3.6641,0.88576,0
2.2804,0.52634,0
3.0588,3.3446,0
2.2052,-2.0868,0
4.6009,0.89698,0
4.7591,0.62926,0
4.3449,-0.21425,0
5.0504,1.1384,0
4.8571,1.4851,0
3.7577,2.7047,0
4.8819,2.4953,0
5.3836,2.0571,0
3.9882,-2.7307,0
1.0186,-1.9668,0
0.37191,-0.6025,0
-0.090065,-0.87567,0
1.008,-0.47764,0
2.9935,1.1253,0
3.3344,1.6024,0
2.3932,0.9451,0
3.3109,0.19167,0
2.8403,0.3397,0
2.7266,-0.14959,0
1.3774,0.44433,0
3.0975,1.0276,0
1.982,1.7355,0
1.6944,1.9837,0
2.775,3.4865,0
2.4429,3.1157,0
2.8263,2.8151,0
2.4382,-2.1245,0
2.7486,-2.5831,0
3.018,-2.0035,0
2.9435,3.4982,0
3.3556,3.9057,0
2.6642,2.6699,0
1.9326,1.9899,0
2.2843,2.1655,0
1.3616,2.385,0
1.5995,3.1271,0
2.0846,0.74617,0
2.7442,0.51166,0
1.7775,-0.13471,0
0.92212,0.17699,0
1.5492,-0.78858,0
1.9017,-2.2385,0
4.9595,-2.1644,0
0.28523,-1.2203,0
-1.3464,-0.12041,0
4.431,0.43382,0
-0.93933,0.97326,0
1.7684,-2.593,0
3.7626,2.2012,0
4.5314,0.9966,0
0.77329,-0.29163,0
3.5859,0.52997,0
-0.42685,-0.52934,0
3.6539,1.4127,0
2.287,3.6383,0
3.9775,1.5006,0
0.95686,-1.2789,0
3.0675,-0.51133,0
1.5277,-1.6886,0
0.70378,-1.8276,0
5.3139,-0.72498,0
4.4576,1.5863,0
2.9746,-0.6652,0
-1.3872,0.033249,0
4.059,0.9502,0
3.1079,0.47026,0
4.1264,0.039277,0
3.6305,0.68524,0
0.81083,1.161,0
3.1696,2.3849,0
2.3338,-2.428,0
5.8435,-1.1741,0
1.5209,2.2951,0
1.69,-1.3283,0
4.011,-0.24968,0
3.4025,-1.6088,0
4.0363,-1.7554,0
2.3534,-1.0136,0
3.4582,-1.2948,0
-0.091942,-1.1747,0
0.019487,2.7896,0
0.45468,-0.45517,0
-4.0575,-1.9543,0
1.0974,0.77787,0
1.2108,2.6362,0
3.1328,-2.1689,0
4.4231,1.2631,0
-2.3456,-1.5486,0
2.298,1.7716,0
1.9333,0.49998,0
3.0722,-0.31637,0
2.7388,1.5941,0
2.1604,2.3367,0
0.74142,1.9813,0
0.76182,0.82067,0
2.0155,-1.0675,0
-1.6422,-0.82344,0
-0.31132,-1.603,0
4.1418,-0.87488,0
4.083,-0.37883,0
1.0172,1.0995,0
-0.78643,-0.52712,0
-0.26495,2.1669,0
0.9229,3.6381,0
3.9041,0.88149,0
4.2474,1.1514,0
4.0281,0.50944,0
0.42929,0.53956,0
0.13625,1.319,0
1.7773,1.2599,0
0.21793,-0.79951,0
2.0782,0.96934,0
-0.51319,1.862,0
0.3729,1.4704,0
1.9025,-0.642,0
1.287,3.0617,0
0.4762,2.5071,0
0.40383,-1.9123,0
0.66278,-1.5429,0
3.7605,-0.16605,0
-2.7564,-0.71199,0
3.4446,2.0719,0
3.236,1.5057,0
2.6248,3.1421,0
4.9535,1.2996,0
-0.70174,1.5778,0
2.5036,0.5125,0
1.4739,3.9334,0
3.0117,3.6665,0
2.587,-1.6903,0
2.0973,-1.2351,0
0.61045,2.8232,0
2.8588,-2.6838,0
4.0876,1.2195,0
3.5185,1.8291,0
3.9346,-1.6281,0
0.38884,2.1607,0
-1.7665,-0.44819,0
3.1021,0.87428,0
2.4555,1.8078,0
2.862,0.68313,0
3.698,0.059391,0
2.2221,-1.7776,0
1.7112,-1.6187,0
3.057,-0.80978,0
2.017,3.4255,0
1.3349,-1.8403,0
4.51,-0.21423,0
3.3319,-1.354,0
-0.1914,-0.54768,0
-0.11512,-1.0163,0
1.4777,-0.9481,0
1.1504,-0.50466,0
0.54754,3.2591,0
3.8074,-0.69812,0
4.8606,-0.7346,0
0.66161,0.6821,0
2.6717,2.4907,0
3.3003,0.76145,0
3.7897,1.0754,0
2.3664,0.68152,0
2.864,1.2323,0
3.142,0.13712,0
2.4323,-2.306,0
3.1118,3.51,0
1.3501,2.5676,0
1.3822,3.1706,0
0.95274,0.33362,0
1.5798,-0.61442,0
1.4189,-1.0824,0
4.1566,-0.69146,0
3.6327,-0.33282,0
-1.0966,-0.064475,0
-1.237,0.16695,0
4.6081,1.2877,0
0.79988,2.4184,0
4.1672,2.0923,0
4.1053,2.3673,0
-4.0932,-1.2981,0
1.9878,3.8579,0
0.44251,1.8086,0
0.65737,1.6029,0
1.422,2.9518,0
-0.20992,0.85353,0
0.082172,1.0539,0
0.93453,3.2685,0
0.81581,2.9039,0
2.9944,0.35719,0
-3.1237,-0.045113,0
-0.0014043,-0.48445,0
-2.5286,-0.9254,0
1.9032,3.3599,0
4.3599,1.4591,0
4.1604,1.7403,0
0.38376,-1.0647,0
2.9821,-0.97793,0
3.24,-0.59774,0
5.1429,-0.99221,0
2.0124,-1.799,0
1.958,-1.4768,0
1.1493,-0.11247,0
0.86315,-0.71732,0
2.7276,-0.72563,0
-2.3359,-0.10195,0
0.049047,3.7058,0
-0.35468,1.7851,0
3.6217,1.077,0
3.2887,0.412,0
4.1181,0.4549,0
3.8342,0.39296,0
-0.38023,0.86897,0
-0.68146,-1.6542,0
1.0503,-1.1017,0
1.8128,1.4388,0
2.5516,2.3652,0
2.9253,-1.1418,0
2.6147,-2.5578,0
4.019,-2.8543,0
1.8209,2.6251,0
1.0907,3.4602,0
1.7964,3.8725,0
3.8409,-1.4783,0
4.7185,1.7998,0
2.682,-0.86551,0
0.083146,-1.2351,0
0.15313,-0.89288,0
-0.30009,1.3186,0
0.11602,2.1782,0
1.0587,-1.6928,0
0.48689,-0.89976,0
3.6615,-0.81481,0
4.2018,-0.51615,0
1.7037,0.14755,0
2.03,0.36489,0
1.3625,0.96861,0
3.6495,-1.4714,0
-2.9634,-1.0875,0
0.92832,2.7043,0
3.2054,1.3456,0
2.7981,-2.0699,0
2.8941,-2.5064,0
-1.529,1.4698,0
0.66411,-2.0253,0
0.94388,-1.6187,0
2.1755,1.426,0
2.843,1.7544,0
2.1724,0.24753,0
2.2212,0.66802,0
3.2342,-0.015253,0
2.7883,-0.48884,0
1.7281,0.91832,0
2.4376,1.3165,0
2.4938,2.0262,0
2.3096,2.5897,0
1.5019,0.12797,0
2.1746,-0.74958,0
1.3019,-0.46121,0
1.8228,-1.0856,0
1.4449,-0.66363,0
4.0222,-1.1316,0
4.2991,-1.1588,0
4.4212,-0.76462,0
3.7506,-0.52108,0
3.9802,0.22049,0
0.68453,1.4273,0
2.0954,-1.393,0
-0.78514,-0.23163,0
1.3194,3.3524,0
0.93808,3.972,0
4.6893,1.4217,0
4.5628,2.0505,0
2.1428,-2.7024,0
0.18169,2.9962,0
2.1185,-3.2012,0
0.29382,1.9711,0
3.8892,-1.7834,0
1.66,4.0528,0
0.21839,-0.46169,0
1.6381,2.9123,0
1.8631,-0.91788,0
2.1866,-0.94637,0
1.9409,0.65352,0
2.3357,1.451,0
0.079263,1.6793,0
0.0046936,1.3501,0
0.50218,1.1157,0
1.7252,3.6958,0
0.70517,3.3235,0
0.11188,1.8893,0
2.7595,-0.33072,0
1.3858,0.020123,0
-1.5586,1.6171,0
-2.1387,-0.25053,0
-1.7342,-1.3602,0
0.7044,1.2856,0
3.3108,2.0018,0
2.9681,2.2282,0
2.4839,0.29097,0
-1.0252,0.44779,0
3.3428,0.56806,0
3.472,-0.26547,0
3.3583,-0.28826,0
1.5144,0.87057,0
1.6585,1.115,0
2.1387,1.8442,0
1.7719,3.3929,0
1.114,3.907,0
2.7866,3.0366,0
2.1442,-1.9264,0
0.49226,3.1246,0
3.8174,1.4885,0
4.2305,0.95272,0
4.1887,-1.745,0
-0.15745,1.6602,0
3.3497,1.8013,0
2.5338,1.4721,0
2.9942,2.0071,0
2.5758,-2.2681,0
0.21982,-0.66775,0
-1.8517,0.14326,0
3.9511,0.086061,0
0.49722,1.6274,0
2.3921,3.7917,0
2.5673,1.2751,0
3.1153,-1.1303,0
2.4199,-1.7481,0
0.77248,0.3191,0
0.78362,-1.6515,0
1.7698,-1.8137,0
4.3148,0.28897,0
5.0437,0.59932,0
1.3352,-0.11296,0
1.2709,4.0655,0
0.6555,2.4581,0
2.4652,2.228,0
2.8393,1.9207,0
2.9588,0.818,0
3.2257,3.6658,0
5.1453,1.2996,0
0.038286,-0.94922,0
3.3289,1.187,0
3.162,1.6809,0
2.2657,1.0402,0
2.9746,0.18815,0
2.1868,1.6264,0
2.3154,3.2654,0
2.6318,-2.1195,0
2.4953,2.5663,0
1.2395,2.2654,0
0.92133,-0.91524,0
3.1441,2.0933,0
3.9112,-0.18874,0
0.66878,0.99642,0
4.1612,-0.22839,0
3.0764,1.4769,0
3.0277,1.2916,0
1.1177,3.6997,0
1.0073,-0.61331,0
4.4123,-0.87184,0
4.659,1.5954,0
1.4848,3.4616,0
2.0766,1.2989,0
0.45404,-1.2212,0
0.84942,-1.1047,0
0.055375,-0.76909,0
2.1841,0.40926,0
1.4802,3.2921,0
2.266,-2.7451,0
3.4728,0.63412,0
0.8741,-0.15557,0
2.9142,-0.54034,0
4.0936,0.80375,0
4.1157,0.20576,0
0.82849,1.3511,0
3.5777,-1.3324,0
2.5583,1.6695,0
0.08054,1.2208,0
4.069,1.3825,0
3.6454,1.7746,0
-0.03984,-0.62724,0
2.7539,2.3339,0
1.4368,-0.51269,0
1.7512,-0.75123,0
1.8592,3.5395,0
1.8038,3.2346,0
3.4631,0.46857,0
0.17794,-1.0507,0
2.2644,1.2567,0
2.8216,-0.63737,0
2.405,2.7327,0
1.3659,0.11675,0
1.3053,3.5813,0
4.5994,1.9226,0
1.664,3.5221,0
1.4784,-0.063592,0
2.7104,2.0392,0
2.7829,2.1733,0
2.9914,1.8101,0
3.1468,1.1616,0
2.9495,1.6227,0
0.20186,1.2036,0
2.863,2.0712,0
4.0373,-0.097363,0
